dataset,arch,train_fraction,seed,delta_clean_acc_arm4_minus_arm2,delta_clean_ece_arm4_minus_arm2,delta_band_noise_acc_arm4_minus_arm2,delta_band_noise_drop_arm4_minus_arm2,delta_channel_dropout_acc_arm4_minus_arm2,delta_channel_dropout_drop_arm4_minus_arm2
bci2a,atcnet,0.25,41,0.0,-0.00010056421160697937,0.0,-1.0408340855860843e-17,-0.0004340277777777901,0.00043402777777777624
bci2a,atcnet,0.25,42,0.0,0.005906402029924929,0.0,0.0,0.0,2.7755575615628914e-17
bci2a,atcnet,0.25,43,0.0,0.0010451938336094035,-0.00347222222222221,0.003472222222222234,-0.0013020833333332593,0.0013020833333333148
bci2a,atcnet,0.5,41,0.0,-0.010861198935243815,0.000694444444444331,-0.000694444444444442,-0.001736111111111105,0.001736111111111105
bci2a,atcnet,0.5,42,-0.00347222222222221,-0.010555281096862434,-0.002777777777777879,-0.0006944444444444177,-0.0013020833333333703,-0.002170138888888895
bci2a,atcnet,0.5,43,0.0,-0.009661497341261996,-0.000694444444444442,0.000694444444444442,0.0004340277777777346,-0.0004340277777777901
bci2a,atcnet,1.0,41,0.0,0.0015178278295530367,0.001388888888888884,-0.001388888888888884,0.0004340277777777901,-0.0004340277777777901
bci2a,atcnet,1.0,42,0.0,3.868020657035731e-05,-0.002083333333333326,0.002083333333333326,0.001736111111111105,-0.001736111111111105
bci2a,atcnet,1.0,43,0.0,0.00406899510158433,0.000694444444444442,-0.000694444444444442,-0.0004340277777777901,0.0004340277777777901
bci2a,eegconformer,0.25,41,0.0,-0.0024598486100633962,-0.002083333333333326,0.0020833333333333034,0.0004340277777777901,-0.0004340277777777832
bci2a,eegconformer,0.25,42,0.02777777777777779,0.0020880161060227026,0.019444444444444486,0.008333333333333337,0.0034722222222222654,0.02430555555555556
bci2a,eegconformer,0.25,43,0.0,0.014482152958710977,0.000694444444444442,-0.0006944444444444307,-0.0013020833333333148,0.0013020833333333356
bci2a,eegconformer,0.5,41,-0.048611111111111105,0.01762756074054371,-0.04861111111111116,0.0,-0.03993055555555558,-0.008680555555555552
bci2a,eegconformer,0.5,42,-0.020833333333333315,0.0402725750787391,-0.03402777777777788,0.013194444444444453,-0.01692708333333337,-0.0039062499999999722
bci2a,eegconformer,0.5,43,-0.05902777777777779,-0.013526863004598363,-0.05833333333333329,-0.000694444444444442,0.010416666666666685,-0.06944444444444445
bci2a,eegconformer,1.0,41,-0.09722222222222227,-0.06837349043538174,-0.08680555555555564,-0.010416666666666685,-0.0078125,-0.08940972222222227
bci2a,eegconformer,1.0,42,-0.00694444444444442,-0.009736532655855015,-0.004861111111111038,-0.002083333333333326,-0.0008680555555555247,-0.0060763888888888395
bci2a,eegconformer,1.0,43,0.02777777777777779,0.0007504321013887538,0.027083333333333348,0.0006944444444444645,-0.004340277777777735,0.032118055555555566
bci2a,eegnet,0.25,41,-0.010416666666666685,-0.024587395290533713,0.0,-0.010416666666666685,-0.0004340277777777901,-0.009982638888888909
bci2a,eegnet,0.25,42,0.0,-0.005510813867052378,0.0,0.0,-0.001736111111111105,0.0017361111111111188
bci2a,eegnet,0.25,43,0.02430555555555558,0.03889628986103666,0.009722222222222188,0.014583333333333372,0.009114583333333315,0.015190972222222265
bci2a,eegnet,0.5,41,0.01041666666666663,-0.0026097051385376574,0.009722222222222299,0.0006944444444443865,0.001736111111111105,0.008680555555555497
bci2a,eegnet,0.5,42,-0.006944444444444475,-0.010504485935800612,-0.0020833333333333814,-0.004861111111111139,0.0017361111111111605,-0.008680555555555594
bci2a,eegnet,0.5,43,-0.05902777777777779,-0.04444398803429471,-0.03194444444444444,-0.027083333333333324,-0.015190972222222265,-0.04383680555555558
bci2a,eegnet,1.0,41,0.00694444444444442,-0.0035245864548617,0.009027777777777746,-0.0020833333333333467,0.00694444444444442,-2.7755575615628914e-17
bci2a,eegnet,1.0,42,0.0,0.0020240314511788815,0.000694444444444331,-0.000694444444444442,0.0,0.0
bci2a,eegnet,1.0,43,-0.02430555555555558,-0.01090846045149696,-0.019444444444444375,-0.004861111111111139,-0.03255208333333326,0.008246527777777735
bci2a,shallowconvnet,0.25,41,0.020833333333333315,0.02100018929276204,0.012500000000000011,0.008333333333333314,-0.00434027777777779,0.02517361111111109
bci2a,shallowconvnet,0.25,42,0.010416666666666685,0.008169419753054824,0.0020833333333333814,0.008333333333333338,0.0004340277777777346,0.009982638888888909
bci2a,shallowconvnet,0.25,43,0.00347222222222221,-0.0051761999105414125,0.0027777777777777124,0.0006944444444444316,0.0008680555555555802,0.0026041666666666574
bci2a,shallowconvnet,0.5,41,0.00347222222222221,-0.006853133233057085,0.001388888888888995,0.0020833333333333016,-0.0021701388888888395,0.005642361111111105
bci2a,shallowconvnet,0.5,42,0.0,0.0014575073081586343,0.002777777777777768,-0.0027777777777777675,0.0030381944444444753,-0.0030381944444444614
bci2a,shallowconvnet,0.5,43,0.01388888888888884,-0.03128498751256199,0.01666666666666683,-0.0027777777777778564,0.006944444444444475,0.006944444444444364
bci2a,shallowconvnet,1.0,41,-0.00347222222222221,0.033379198776351066,0.004166666666666541,-0.0076388888888888834,0.006510416666666685,-0.009982638888888867
bci2a,shallowconvnet,1.0,42,-0.00347222222222221,-0.0036154017887181644,-0.007638888888888973,0.004166666666666652,-0.0060763888888888395,0.0026041666666666574
bci2a,shallowconvnet,1.0,43,0.01736111111111105,0.0038850063251124334,0.00347222222222221,0.01388888888888884,-0.0056423611111111605,0.023003472222222182
bci2a,tsception,0.25,41,0.0,0.0019338700092501049,0.000694444444444442,-0.000694444444444453,-0.0008680555555555247,0.0008680555555555525
bci2a,tsception,0.25,42,0.0034722222222222654,-0.015510000805887873,-0.0020833333333332704,0.0055555555555556035,-0.001736111111111105,0.005208333333333377
bci2a,tsception,0.25,43,0.0034722222222222654,0.011299424183865384,0.006944444444444531,-0.0034722222222221765,-0.006944444444444475,0.010416666666666706
bci2a,tsception,0.5,41,-0.00347222222222221,0.00742337438795302,0.009722222222222188,-0.013194444444444432,0.0034722222222221544,-0.006944444444444427
bci2a,tsception,0.5,42,0.0,0.005007591615948409,-0.002777777777777768,0.00277777777777778,0.0008680555555555802,-0.0008680555555555525
bci2a,tsception,0.5,43,-0.01041666666666663,-0.0074766092002391815,-0.0020833333333333814,-0.008333333333333293,-0.0060763888888888395,-0.0043402777777777415
bci2a,tsception,1.0,41,0.0,0.014293333205084052,-0.004166666666666596,0.004166666666666663,-0.006944444444444475,0.0069444444444444545
bci2a,tsception,1.0,42,0.0034722222222222654,-0.009868420660495744,0.009027777777777746,-0.005555555555555513,0.0030381944444444198,0.00043402777777781787
bci2a,tsception,1.0,43,-0.02083333333333337,0.019639759014050212,-0.02083333333333326,-2.2551405187698492e-17,0.0,-0.02083333333333337
