arch,seed,epoch,n_fixed_hooks,raw_odi,anchored_odi
eegconformer,41,0,6,0.9815296944486986,0.3803908145120296
eegconformer,41,1,6,0.8548165086436507,0.4586913892339366
eegconformer,41,2,6,0.8366914613420696,0.47894180898067695
eegconformer,41,5,6,0.7285666576666273,0.48515041618387217
eegconformer,41,10,6,0.7045521978522733,0.47502065250885384
eegconformer,41,20,6,0.7175609944073381,0.6076716240405476
eegconformer,42,0,6,0.9686316147258265,0.4214459656772858
eegconformer,42,1,6,0.8594653922894261,0.5001718309048544
eegconformer,42,2,6,0.8484205427247318,0.40879934069543
eegconformer,42,5,6,0.7813223271399016,0.4372339353050842
eegconformer,42,10,6,0.7557547646190422,0.4312062408968595
eegconformer,42,20,6,0.7094259573771043,0.46056322778596465
eegconformer,43,0,6,0.9837653934018316,0.41425930665459965
eegconformer,43,1,6,0.8661546402816019,0.43358270182477804
eegconformer,43,2,6,0.8120396063897569,0.5537028445173772
eegconformer,43,5,6,0.6936894550361498,0.6120141060885869
eegconformer,43,10,6,0.7310948263878051,0.5652869270872337
eegconformer,43,20,6,0.739133334839564,0.5674679435951275
eegconformer,44,0,6,0.9799469308729671,0.42487364541335065
eegconformer,44,1,6,0.8522267289188729,0.4603403289538604
eegconformer,44,2,6,0.8160170035094715,0.46466309974017417
eegconformer,44,5,6,0.8280467473209043,0.38575387226366087
eegconformer,44,10,6,0.6926685811346314,0.41219483668506146
eegconformer,44,20,6,0.7397542751116631,0.5236735986527067
eegconformer,45,0,6,0.9717938621820981,0.4325332486995763
eegconformer,45,1,6,0.790476405591254,0.7072227768055646
eegconformer,45,2,6,0.795196483553536,0.6797742156816518
eegconformer,45,5,6,0.77032716104046,0.4960791341479503
eegconformer,45,10,6,0.7508116228753495,0.6272668021458551
eegconformer,45,20,6,0.7483161437873521,0.5976875375087286
eegconformer,46,0,6,0.9907767517010505,0.38115897326438447
eegconformer,46,1,6,0.8205410730498511,0.411719416667878
eegconformer,46,2,6,0.7861228922800394,0.4521026752635118
eegconformer,46,5,6,0.7297931711938754,0.37698041510134256
eegconformer,46,10,6,0.738042135786432,0.41344523811327544
eegconformer,46,20,6,0.7203037615949078,0.5893413491501385
eegnet,41,0,7,0.1261632905547046,0.1261632905547046
eegnet,41,1,7,0.20685973370662894,0.12524318972377751
eegnet,41,2,7,0.24315347348055427,0.1262348780634167
eegnet,41,5,7,0.3024395698725189,0.12491766334553223
eegnet,41,10,7,0.3634575189776797,0.1300545842896857
eegnet,41,20,7,0.4018133073251205,0.136085130432179
eegnet,42,0,7,0.12587611204119273,0.12587611204119273
eegnet,42,1,7,0.1892738137395125,0.12674918224984977
eegnet,42,2,7,0.21239003559621022,0.12963500233689504
eegnet,42,5,7,0.27777627914825437,0.1260040597311691
eegnet,42,10,7,0.30348848577657,0.12614062599501774
eegnet,42,20,7,0.31994791924564686,0.1306127743814116
eegnet,43,0,7,0.12278750532349532,0.12278750532349532
eegnet,43,1,7,0.23831602299274637,0.1270888378611029
eegnet,43,2,7,0.25632107662179987,0.12528805375396995
eegnet,43,5,7,0.2817121038989724,0.12713299203656633
eegnet,43,10,7,0.34984296116917585,0.13086260748839398
eegnet,43,20,7,0.3772458412799109,0.13918058467546676
eegnet,44,0,7,0.11933720498193147,0.11933720498193147
eegnet,44,1,7,0.2419165539727894,0.12399284655782024
eegnet,44,2,7,0.2858433939555641,0.12479591557871836
eegnet,44,5,7,0.32776390258939203,0.12347562476132366
eegnet,44,10,7,0.36442750756816317,0.13467676989410088
eegnet,44,20,7,0.37580464907673655,0.1507922945010794
eegnet,45,0,7,0.12346655493856828,0.12346655493856828
eegnet,45,1,7,0.19959939112553787,0.1241656224431467
eegnet,45,2,7,0.232880958414982,0.12483583833837476
eegnet,45,5,7,0.3061081239789084,0.12700386028720298
eegnet,45,10,7,0.3474444107980087,0.13504828275129924
eegnet,45,20,7,0.34332722614159517,0.13892992310564445
eegnet,46,0,7,0.1242983602062062,0.1242983602062062
eegnet,46,1,7,0.21136112130530083,0.11933907154877985
eegnet,46,2,7,0.2720043673087478,0.11830411713313703
eegnet,46,5,7,0.31970614437065376,0.11701426037137592
eegnet,46,10,7,0.3531890258550895,0.12700282345644345
eegnet,46,20,7,0.35632085547115555,0.1362232400358057
shallowconvnet,41,0,6,0.4775397118603634,0.4831116164477958
shallowconvnet,41,1,6,0.4760532870535677,0.48048421356275384
shallowconvnet,41,2,6,0.46664332769725764,0.4857512634955845
shallowconvnet,41,5,6,0.42216167871957616,0.47010806992596715
shallowconvnet,41,10,6,0.43117388855831257,0.46379340831096955
shallowconvnet,41,20,6,0.42953047521321674,0.4657200305304017
shallowconvnet,42,0,6,0.48616943923362194,0.48884827528006974
shallowconvnet,42,1,6,0.4809263312963515,0.4861611077876036
shallowconvnet,42,2,6,0.4723960793615642,0.48646029005110075
shallowconvnet,42,5,6,0.4539349329894478,0.4840912939703539
shallowconvnet,42,10,6,0.4558397074711256,0.4786094700906854
shallowconvnet,42,20,6,0.45893929376511017,0.46475567086868513
shallowconvnet,43,0,6,0.48334488502617773,0.4866015051510699
shallowconvnet,43,1,6,0.46890152742049707,0.48804789504018126
shallowconvnet,43,2,6,0.44490209123847624,0.48651873052337496
shallowconvnet,43,5,6,0.4342179454743742,0.471824068346568
shallowconvnet,43,10,6,0.43505845216909406,0.46953548889147795
shallowconvnet,43,20,6,0.4466941434939375,0.439930652156112
shallowconvnet,44,0,6,0.48107087844010094,0.48417672967996067
shallowconvnet,44,1,6,0.46142562473819243,0.47987198036273093
shallowconvnet,44,2,6,0.46658682693477926,0.4848576975255526
shallowconvnet,44,5,6,0.4547588254866483,0.48737724840802654
shallowconvnet,44,10,6,0.4256765562863248,0.4687102149203309
shallowconvnet,44,20,6,0.4381212879152505,0.4341259162461857
shallowconvnet,45,0,6,0.48560101302936776,0.4885154681315708
shallowconvnet,45,1,6,0.4612737753843834,0.46940056792193324
shallowconvnet,45,2,6,0.4507275714138421,0.4743660726937949
shallowconvnet,45,5,6,0.43301218402684705,0.46776379760013925
shallowconvnet,45,10,6,0.4406490734165824,0.44700075335917844
shallowconvnet,45,20,6,0.4577322167062869,0.4337780925353549
shallowconvnet,46,0,6,0.4840699297497361,0.48678963037212203
shallowconvnet,46,1,6,0.47980517239237125,0.48347235386286497
shallowconvnet,46,2,6,0.47011672780072894,0.4810560970873386
shallowconvnet,46,5,6,0.44417427423257805,0.47749499802003453
shallowconvnet,46,10,6,0.44412983093690567,0.4698858842821405
shallowconvnet,46,20,6,0.4576335370455029,0.4619201585082587
tsception,41,0,8,0.5975884264143358,0.23146128058748167
tsception,41,1,8,0.5936269607350734,0.3000499615031079
tsception,41,2,8,0.6174135031828094,0.3283574554234324
tsception,41,5,8,0.6176336422411373,0.33303004875573916
tsception,41,10,8,0.6012657551647949,0.3130016751689724
tsception,41,20,8,0.6163600176087453,0.3123330841142494
tsception,42,0,8,0.6583609180431188,0.35668426892863
tsception,42,1,8,0.649869942717652,0.38617723277773064
tsception,42,2,8,0.6597347235624855,0.38789344379098667
tsception,42,5,8,0.6752907293693031,0.36962000837564357
tsception,42,10,8,0.6702051222900849,0.3824572364955703
tsception,42,20,8,0.6662057021949124,0.37473961605299877
tsception,43,0,8,0.6185267479065942,0.2527954099723999
tsception,43,1,8,0.6432192484712635,0.3278942756071525
tsception,43,2,8,0.6396134536328488,0.3686945185150014
tsception,43,5,8,0.6295975088250851,0.3579140089037687
tsception,43,10,8,0.6181308424003323,0.35277565323384696
tsception,43,20,8,0.63694486810067,0.3633787985584244
tsception,44,0,8,0.6808670039729533,0.32627223033594405
tsception,44,1,8,0.6457750717382283,0.2359220343397902
tsception,44,2,8,0.6371291218850625,0.2539605485016199
tsception,44,5,8,0.6616501896795434,0.3122290337336844
tsception,44,10,8,0.644089101824631,0.30674252633466387
tsception,44,20,8,0.6528509685094273,0.3144010290139511
tsception,45,0,8,0.6148466818394891,0.37422233973967306
tsception,45,1,8,0.6123721479673525,0.30428896246531895
tsception,45,2,8,0.6340657361519298,0.3065315791828995
tsception,45,5,8,0.6359674997487903,0.31075062313734814
tsception,45,10,8,0.6258289917307763,0.346655157197607
tsception,45,20,8,0.6236659193606524,0.34234586754141766
tsception,46,0,8,0.6807009003957845,0.3944222826842378
tsception,46,1,8,0.6251164283236383,0.4108356356667358
tsception,46,2,8,0.6149217702824809,0.417764255073966
tsception,46,5,8,0.6348424560853252,0.4167460197246751
