arch,epoch,fixed_hooks,n_fixed_hooks,n_seeds,raw_odi_mean,raw_odi_seed_sd,anchored_odi_mean,anchored_odi_seed_sd
eegconformer,0,fc;logits;patch_embedding;transformer.0;transformer.2;transformer.5,6,6,0.979407374555412,0.008088671068331093,0.4091103257035378,0.022723925781455014
eegconformer,1,fc;logits;patch_embedding;transformer.0;transformer.2;transformer.5,6,6,0.8406134581291095,0.029192351017485407,0.4952880740651453,0.10797416820521616
eegconformer,2,fc;logits;patch_embedding;transformer.0;transformer.2;transformer.5,6,6,0.8157479982999343,0.023748515754932222,0.5063306641464703,0.09722773080297435
eegconformer,5,fc;logits;patch_embedding;transformer.0;transformer.2;transformer.5,6,6,0.755290919899653,0.04765751774609122,0.46553531318174945,0.08692724580378569
eegconformer,10,fc;logits;patch_embedding;transformer.0;transformer.2;transformer.5,6,6,0.7288206881092556,0.02527918886971029,0.48740344957285653,0.08951559180790747
eegconformer,20,fc;logits;patch_embedding;transformer.0;transformer.2;transformer.5,6,6,0.7290824111863216,0.015368995577395557,0.5577342134555355,0.056189136930238776
eegnet,0,bnorm_1;bnorm_2;conv_separable_depth;conv_spatial;conv_temporal;logits;pool_2,7,6,0.12365483800768311,0.002492797014473166,0.12365483800768311,0.002492797014473166
eegnet,1,bnorm_1;bnorm_2;conv_separable_depth;conv_spatial;conv_temporal;logits;pool_2,7,6,0.21455443947375263,0.021191826007063434,0.12442979173074616,0.0028031358677835603
eegnet,2,bnorm_1;bnorm_2;conv_separable_depth;conv_spatial;conv_temporal;logits;pool_2,7,6,0.25043221756297634,0.026691654654837835,0.12484896753408531,0.003683957857903679
eegnet,5,bnorm_1;bnorm_2;conv_separable_depth;conv_spatial;conv_temporal;logits;pool_2,7,6,0.30258435397644995,0.01995341921626293,0.12425807675552837,0.0038045520899956564
eegnet,10,bnorm_1;bnorm_2;conv_separable_depth;conv_spatial;conv_temporal;logits;pool_2,7,6,0.34697498502411445,0.022424986228145184,0.13063094897915684,0.0037307817347288406
eegnet,20,bnorm_1;bnorm_2;conv_separable_depth;conv_spatial;conv_temporal;logits;pool_2,7,6,0.36240996642336093,0.028831918700413055,0.13863732452193114,0.006706100867944579
shallowconvnet,0,bnorm;conv_nonlin_exp;conv_time_spat;logits;pool;pool_nonlin_exp,6,6,0.48296597622322796,0.0032125883658390814,0.4863405375104315,0.002297688229149491
shallowconvnet,1,bnorm;conv_nonlin_exp;conv_time_spat;logits;pool;pool_nonlin_exp,6,6,0.4713976197142273,0.008846715880839288,0.4812396864230113,0.006605497448523272
shallowconvnet,2,bnorm;conv_nonlin_exp;conv_time_spat;logits;pool;pool_nonlin_exp,6,6,0.4618954374077748,0.01127740874447731,0.48316835856279106,0.004765059375939716
shallowconvnet,5,bnorm;conv_nonlin_exp;conv_time_spat;logits;pool;pool_nonlin_exp,6,6,0.4403766401549119,0.012876693196720473,0.47644324604518157,0.007949280613187842
shallowconvnet,10,bnorm;conv_nonlin_exp;conv_time_spat;logits;pool;pool_nonlin_exp,6,6,0.4387545848063909,0.010644688408559208,0.4662558699757971,0.010577252784839787
shallowconvnet,20,bnorm;conv_nonlin_exp;conv_time_spat;logits;pool;pool_nonlin_exp,6,6,0.4481084923565508,0.012227315012490744,0.450038420140833,0.01564262821712668
tsception,0,batch_spatial_lay;batch_temporal_lay;dense_layer;logits;spatial_block_1;spatial_block_2;temporal_blocks.0;temporal_blocks.2,8,6,0.6418151130953793,0.036156776263400525,0.3226429687080611,0.06659949669693913
tsception,1,batch_spatial_lay;batch_temporal_lay;dense_layer;logits;spatial_block_1;spatial_block_2;temporal_blocks.0;temporal_blocks.2,8,6,0.628329966658868,0.022177783473115796,0.32752801705997264,0.06335104929412173
tsception,2,batch_spatial_lay;batch_temporal_lay;dense_layer;logits;spatial_block_1;spatial_block_2;temporal_blocks.0;temporal_blocks.2,8,6,0.6338130514496029,0.016385747531297252,0.34386696674798434,0.05955365207532933
tsception,5,batch_spatial_lay;batch_temporal_lay;dense_layer;logits;spatial_block_1;spatial_block_2;temporal_blocks.0;temporal_blocks.2,8,6,0.642497004324864,0.021578151953013436,0.3500482904384765,0.04039240558547485
tsception,10,batch_spatial_lay;batch_temporal_lay;dense_layer;logits;spatial_block_1;spatial_block_2;temporal_blocks.0;temporal_blocks.2,8,5,0.6319039626821239,0.026366457467149874,0.3403264496861321,0.03100226449395059
tsception,20,batch_spatial_lay;batch_temporal_lay;dense_layer;logits;spatial_block_1;spatial_block_2;temporal_blocks.0;temporal_blocks.2,8,5,0.6392054951548815,0.02051654709087271,0.3414396790562083,0.028148332150042126
