arch,epoch,raw_odi_mean,raw_odi_std,anchored_odi_mean,anchored_odi_std,raw_signed_mean_mean,raw_signed_mean_std,anchored_signed_mean_mean,anchored_signed_mean_std,baseline_sq_over_raw_den_mean,baseline_sq_over_raw_den_std,cross_over_raw_den_mean,cross_over_raw_den_std,residual_dot_over_raw_den_mean,residual_dot_over_raw_den_std,raw_floor_bands_mean,raw_floor_bands_std,raw_floor_pairs_mean,raw_floor_pairs_std,anchor_excluded_bands_mean,anchor_excluded_bands_std,anchor_excluded_pairs_mean,anchor_excluded_pairs_std,signed_reconstruction_max_abs_error_mean,signed_reconstruction_max_abs_error_std,delta_anchor_minus_raw_mean,delta_anchor_minus_raw_std,layer_nunique,seed_nunique
atcnet,0,0.7505540307841021,0.26621663809631224,0.42245353789331397,0.15209005913117948,0.7492007474926898,0.26855945407027215,0.36043568921727887,0.1426212748017617,0.6602739927937779,0.31496821637524214,-0.01802849093707571,0.18341696710310684,0.1069552456359876,0.042118034742588885,0.0,0.0,0.0,0.0,0.0,0.0,0.0,0.0,5.201485736836647e-16,3.6234671921499954e-16,-0.3281004928907881,0.16105513327026866,7,6
atcnet,1,0.8701417818921474,0.04620356277351936,0.39499649345605564,0.10978666269385125,0.8676502437093412,0.04611845042053233,0.3261896899645241,0.09843268440989254,1.0519567234592944,0.0895208521902971,-0.19142176966939747,0.07462894319556548,0.007115289919444146,0.006622107562702756,0.0,0.0,0.0,0.0,0.0,0.0,0.0,0.0,7.528622442727023e-16,3.843435920111092e-16,-0.4751452884360918,0.10709137896553941,7,6
atcnet,2,0.8794350186338923,0.05058908914474075,0.41389593575587114,0.11369281130559826,0.8782073205501507,0.05092070252316098,0.3478868330724206,0.1136282900183003,1.0400408035270354,0.08912255930450105,-0.16800307199851286,0.06522102132748231,0.0061695890216281295,0.005303137128411509,0.0,0.0,0.0,0.0,0.0,0.0,0.0,0.0,7.260837413291823e-16,4.206820467881234e-16,-0.4655390828780211,0.10872487805610456,7,6
atcnet,5,0.8889531880999519,0.05179462683389128,0.4158352887606847,0.10783543492328497,0.8877243330519394,0.05186974155094262,0.33061090595795173,0.1140387547248173,1.0483065517703736,0.08186058995001566,-0.16568167599708264,0.06095464815755589,0.0050994572786485295,0.006923843529462436,0.0,0.0,0.0,0.0,0.0,0.0,0.0,0.0,6.6625514216106255e-16,3.7542967435013247e-16,-0.47311789933926734,0.10278022659126274,7,6
atcnet,10,0.8675130983427491,0.05636233545736185,0.4212431659013051,0.11913217049360668,0.864403896672699,0.05754748388215136,0.24992960326605376,0.1510334682167055,1.0534092168024587,0.10187096219484514,-0.19626658793341362,0.07930741875606342,0.0072612678036538866,0.007775257012673924,0.0,0.0,0.0,0.0,0.0,0.0,0.0,0.0,7.505797488753194e-16,3.762477552693747e-16,-0.4462699324414441,0.10218994854351118,7,6
atcnet,20,0.8270539151330141,0.06182427851789425,0.4657880127504572,0.14141333691435515,0.8173561514614718,0.06584843096120263,0.12872731831439835,0.164312098148681,1.074826794690412,0.16486243921535867,-0.27613279259437934,0.17419634004768778,0.01866214936543891,0.027996856325191364,0.0,0.0,0.0,0.0,0.0,0.0,0.0,0.0,7.651505142526406e-16,3.486032209803508e-16,-0.3612659023825569,0.13277458388829905,7,6
eegconformer,0,0.9928630636848842,0.010820445126184734,0.38764729712574414,0.1772000093743829,0.9928630636848842,0.010820445126184734,0.35342065174901666,0.1645707142747302,1.0033635927792854,0.016841093486514493,-0.010639564102979287,0.010325062537636032,0.00013903500857767885,0.00013145743529768234,0.0,0.0,0.0,0.0,0.0,0.0,0.0,0.0,1.4397722982975282e-15,9.683311492647074e-16,-0.60521576655914,0.1696683998261104,6,6
eegconformer,1,0.9444558854894224,0.05934015633255807,0.4611345859504875,0.23126179961639245,0.9444558854894224,0.05934015633255807,0.41291560655685094,0.22613704670671486,0.9886636366452802,0.08266086833967354,-0.04509008923377756,0.0515265533868465,0.0008823380779194275,0.0008211701672474824,0.0,0.0,0.0,0.0,0.0,0.0,0.0,0.0,1.3417604219048386e-15,8.839815948682256e-16,-0.4833212995389349,0.1913523017956936,6,6
eegconformer,2,0.9206977455437004,0.07121418858915717,0.44761862982675016,0.23449970093646516,0.9168691138423133,0.07975437765632348,0.3599888267573996,0.23265922813377787,0.9819033324748809,0.0942939901653485,-0.06682815623144188,0.06905362173246915,0.001793937598873991,0.0031173203748579357,0.0,0.0,0.0,0.0,0.0,0.0,0.0,0.0,1.4305626031768042e-15,9.255065430920091e-16,-0.47307911571695027,0.21527926288747898,6,6
eegconformer,5,0.9081281312368146,0.06349378668881109,0.4236188861669915,0.20189116210809402,0.8987932768124305,0.06781197923413412,0.2637001575675781,0.1553134027790628,1.029645234203473,0.11130104849230794,-0.13255505669652645,0.0844641589786808,0.0017030993054835465,0.0015492258188150962,0.0,0.0,0.0,0.0,0.0,0.0,0.0,0.0,1.4454673713757786e-15,9.020225907966658e-16,-0.48450924506982307,0.15376376147470736,6,6
eegconformer,10,0.8275869119666436,0.06228307366095137,0.49272547660128985,0.21614162080419125,0.8029481180972828,0.07913370387344205,0.3184338083407405,0.17272100496091292,1.014583505407891,0.1277822245110456,-0.21940644806240742,0.159237199069971,0.007771060751798713,0.010894647327678303,0.0,0.0,0.0,0.0,0.0,0.0,0.0,0.0,1.6010131136777693e-15,1.0155601068979e-15,-0.3348614353653537,0.1859074468642401,6,6
eegconformer,20,0.7837708688825648,0.06451080755072386,0.537757808199626,0.21443027429253972,0.74702224164364,0.06628705391314976,0.3597329594455678,0.14884357268108764,1.0769726978050578,0.25619987041068504,-0.3452805856009406,0.2723346471867004,0.015330129439522425,0.021420056175171422,0.0,0.0,0.0,0.0,0.0,0.0,0.0,0.0,1.7393031948930672e-15,8.776725655508625e-16,-0.24601306068293866,0.1760382299095527,6,6
eegnet,0,0.08138840690747019,0.14918739785874857,0.08138840690747019,0.14918739785874857,0.014734604206125556,0.03061166410412421,0.01473460420612556,0.030611664104124206,0.0,0.0,0.0,0.0,0.014734604206125556,0.03061166410412421,0.0,0.0,0.0,0.0,0.0,0.0,0.0,0.0,0.0,0.0,-4.130293990420969e-20,3.0226055240495167e-18,7,6
eegnet,1,0.3160732523825868,0.36184768989253,0.07884007326467275,0.14527404988305062,0.30952980337291247,0.3612088707612382,0.005488907539702053,0.020131462524779944,0.33586124964065694,0.3909890271658704,-0.023917954940407344,0.04226557585509438,-0.002413491327337152,0.0026786983705135857,0.0,0.0,0.0,0.0,0.0,0.0,0.0,0.0,1.899009791596417e-15,1.5853376955195517e-15,-0.23723317911791408,0.27733449199345955,7,6
eegnet,2,0.31623552144191497,0.36603691169207975,0.07981574801574942,0.14524946431584032,0.310885993056044,0.367169595841658,0.01332208036312454,0.03171741691040242,0.3451441584699858,0.40720946673383523,-0.03216824887255067,0.048813219407883565,-0.002089916541391315,0.0031631703027076865,0.0,0.0,0.0,0.0,0.0,0.0,0.0,0.0,2.07206523764444e-15,1.813472146152376e-15,-0.23641977342616555,0.27615196047520885,7,6
eegnet,5,0.2983060173168773,0.3384997108094629,0.09678280947461596,0.16856516360906187,0.29094029987457615,0.3354377032627424,0.0517806371669857,0.0992288798171593,0.36903509629546083,0.4334052637122483,-0.08109078171354898,0.11421272757397961,0.00299598529266421,0.008876745843383774,0.0,0.0,0.0,0.0,0.0,0.0,0.0,0.0,1.9626698837990883e-15,1.5248601679048975e-15,-0.20152320784226135,0.2183469738678903,7,6
eegnet,10,0.333618262160089,0.3120084070883778,0.11691726337904046,0.19429282261781405,0.32785303916808645,0.30921995637968747,0.05788101102196042,0.11476147059003994,0.43990665986142746,0.4289878799290246,-0.12201055066863217,0.1443487099998184,0.009956929975291101,0.016074738385593673,0.0,0.0,0.0,0.0,0.0,0.0,0.0,0.0,1.948605587403269e-15,1.6132885298738393e-15,-0.21670099878104856,0.18589929036088557,7,6
eegnet,20,0.4201030893459296,0.30285351815331296,0.12047393876513218,0.19082716665069305,0.41567710816289977,0.3018233080121615,0.04043287895139628,0.06629720517602065,0.5361081979450116,0.4127236084284686,-0.12862317363734407,0.12874288584026194,0.008192083855232067,0.01106800987387033,0.0,0.0,0.0,0.0,0.0,0.0,0.0,0.0,2.272217993703368e-15,1.863939933306286e-15,-0.29962915058079737,0.20718972189046447,7,6
shallowconvnet,0,0.4718298409914758,0.41473184148344144,0.4725800592199929,0.41568287578152985,0.46686899774673196,0.4204612198556745,0.467619215975249,0.42140840805538116,1.4238481851603817,2.0450340272872234,-1.4885895673377223,2.1411537607582867,0.5316103799240702,0.5069256874640989,0.0,0.0,0.0,0.0,0.0,0.0,0.0,0.0,3.02439400683912e-15,6.455182236590723e-15,0.0007502182285171262,0.0015774901054703369,6,6
shallowconvnet,1,0.4633482573144874,0.3549876779165414,0.47722022563930927,0.41252720455111486,0.4599484077355287,0.3577521105497423,0.47118848687738357,0.41958878776956837,4.326014733723647,7.019201299605648,-6.55606008458948,11.123892542997988,2.6899937586013603,4.392788667214828,0.0,0.0,0.0,0.0,0.0,0.0,0.0,0.0,7.918170905314097e-15,1.0432113288994015e-14,0.013871968324821828,0.07818562121905638,6,6
shallowconvnet,2,0.46108830703310477,0.3434206193026935,0.47224601832194896,0.4099705422923426,0.4566192787688757,0.34544086319354,0.4662149071064591,0.4170005833114644,4.40710292201249,6.660724917203965,-6.6931360161524385,10.400209973200237,2.7426523729088217,4.026140125751336,0.0,0.0,0.0,0.0,0.0,0.0,0.0,0.0,8.514912016459243e-15,1.1936006521684644e-14,0.011157711288844204,0.10260720490889429,6,6
shallowconvnet,5,0.4472946632560649,0.32642505722679854,0.46156964360964065,0.4033630136897302,0.44018978244985746,0.32808265997690467,0.4551196052278612,0.41002380111548525,4.406255558437155,6.637837549632997,-6.7023012683609595,10.324189556427894,2.73623549237366,3.9610868566550543,0.0,0.0,0.0,0.0,0.0,0.0,0.0,0.0,9.314042050644067e-15,1.3830758013994951e-14,0.0142749803535758,0.11100952887832105,6,6
shallowconvnet,10,0.43485897776324,0.31514839488903934,0.45347999981204523,0.40149692731481884,0.42793473753953726,0.3151642986397871,0.4477959282130659,0.40751645983222173,4.2791897505134076,6.8288220251575655,-6.6338837265960935,11.217749878139688,2.782628713622221,4.666749594307716,0.0,0.0,0.0,0.0,0.0,0.0,0.0,0.0,8.28513945938255e-15,1.1862339138698133e-14,0.018621022048805252,0.12080700543705825,6,6
shallowconvnet,20,0.4236008943235663,0.29322946710158565,0.4454702788408799,0.3962507539237023,0.41225913036076717,0.2926641907797085,0.439217513184071,0.40199498184881427,3.1573851046856904,4.678952787791503,-4.8383644158665975,7.652807691491445,2.0932384415416734,3.2571270212942687,0.0,0.0,0.0,0.0,0.0,0.0,0.0,0.0,6.798502898638424e-15,8.877784907198208e-15,0.021869384517313635,0.16109411953453023,6,6
tsception,0,0.7172500135271905,0.14566070684257376,0.30242140554344316,0.11040953392427841,0.7172003266800971,0.14572920705921585,0.27501184218393054,0.096775594197312,0.6047283644334491,0.1964012915261505,0.0391381076757897,0.1340222043482938,0.07333385457085786,0.05704568591186884,0.0,0.0,0.0,0.0,0.0,0.0,0.0,0.0,2.8901938712670252e-15,2.2528708802796967e-15,-0.4148286079837474,0.09741149120552435,8,6
tsception,1,0.8032018221347212,0.12608318685785333,0.3803847674883289,0.22207587943944562,0.8007297233644471,0.12480856883327832,0.3629761827001354,0.20704345334751822,0.9930121871632762,0.415916936960934,-0.2615061591315365,0.38616270661219676,0.06922369533270671,0.10136104040247598,0.0,0.0,0.0,0.0,0.0,0.0,0.0,0.0,3.8272517389100385e-15,3.3501608862282507e-15,-0.42281705464639247,0.18439417674235495,8,6
tsception,2,0.7736222434883904,0.11831838276034143,0.4013206298488168,0.2424375496824162,0.7718820014039035,0.11786216965133321,0.39599377548657766,0.23827559452342595,1.088637723069698,0.6016619244878023,-0.4139294315095241,0.6259558655594114,0.0971737098437289,0.1287781777261225,0.0,0.0,0.0,0.0,0.0,0.0,0.0,0.0,3.83291443650675e-15,3.4149511819154093e-15,-0.3723016136395736,0.1891195679868848,8,6
tsception,5,0.7183868958127335,0.10861201739291536,0.34304439151347266,0.18452586873182175,0.7142272702976347,0.10757980986871599,0.31402864176888373,0.16981039075630755,1.0007603546502795,0.494050922788818,-0.38080684634670753,0.5001667132967978,0.09427376199406183,0.1029209800736003,0.0,0.0,0.0,0.0,0.0,0.0,0.0,0.0,3.9542479533805075e-15,3.684769115229838e-15,-0.3753425042992609,0.16383978309545616,8,6
tsception,10,0.673770228795835,0.10242355109566297,0.3330206066109395,0.16969659316795213,0.6623504393480241,0.10835126395467924,0.3018795620853279,0.15064190582795417,1.113160659884293,0.7139897545966588,-0.6113269813695604,0.9068897989798319,0.16051676083329078,0.24619751609916504,0.0,0.0,0.0,0.0,0.0,0.0,0.0,0.0,4.549524638674622e-15,3.8853087362580086e-15,-0.3407496221848955,0.17481792254185893,8,6
tsception,20,0.6413579408472451,0.10916087566008713,0.3588715041564449,0.19333404562051648,0.6248516647127753,0.12766067773741507,0.33670145419705394,0.17902029077835563,1.141286361074519,0.9078276661411557,-0.7303405915559739,1.246879373391908,0.21390589519422962,0.38284266164909236,0.0,0.0,0.0,0.0,0.0,0.0,0.0,0.0,4.001545143777925e-15,3.4443252135248973e-15,-0.2824864366908002,0.20540728218358587,8,6
