arch,seed,epoch,n_rows,n_layers,n_windows,checkpoint_sha256
atcnet,41,0,448,7,64,a4090a4c9456c0b38dbe5aacca6c0f6fa4e0d08b804d5f1fbbd06c680b0c899c
atcnet,41,1,448,7,64,fcbb63b04b068c2918569fb9eaf6d9ed8ecc6764e5cfe00302644aaf8b4dfd60
atcnet,41,2,448,7,64,e4e458fce65ad13b0672af602052333ab4f091723a63c7925172088767ef3837
atcnet,41,5,448,7,64,470caaf866cc6eb2d987f8d2fc9e7737215bb319b4e74b4114525b34fa179e35
atcnet,41,10,448,7,64,5f3d1015248d98b47f41aa8fe8ebf5bd61fe952825e7f4111fbc30dc57ea3ca0
atcnet,41,20,448,7,64,ee8945d1ea6f86951a57532d3833c87d892a88d61b0f2ec7db96f8febbbaf663
atcnet,42,0,448,7,64,ad75c6a880e2ed342f6fad0d9d3dfb2e4179539b8020e163cd714dbe64edd49b
atcnet,42,1,448,7,64,9675cc39003b662ba20cf453e76e554e61bacb17ee5dd2c7539a2d1b4cd830cf
atcnet,42,2,448,7,64,2be16d9fe75ba65c15acf2628ecc7fbc8f1b26706222883b02deaaf25bc9759c
atcnet,42,5,448,7,64,83165589138f23f74210df01fad54ba8c6c3ad046419fb039d0bc896296278d7
atcnet,42,10,448,7,64,4c5f7144a256896b820da95a7b10015866acfb7c12492c049098f1de2e15d914
atcnet,42,20,448,7,64,30ba8b40ec7adb00db955d8640581fe9191e48c9fbacb3839486887185fa450f
atcnet,43,0,448,7,64,a544e12770110f5347b01916513fdf4893ef251f0a8cd080d860ca6b80f753b1
atcnet,43,1,448,7,64,4c3ac35ad6621b1f53e4bd269bd4f1cfff2903371cdcff43b8f5076fe9abd34b
atcnet,43,2,448,7,64,2a2e183b352e699b7bbfc58ccc1a7bdee5a402b81dd4ccd7ac17c57f6384781b
atcnet,43,5,448,7,64,1347c511c4c84da0e9d4ab16e61c04b24ab5e33ac9cd5681216c3c4d95bce0d2
atcnet,43,10,448,7,64,a405a488fb19f671147f966460e6ef813590a999098280f977e80af1ce764956
atcnet,43,20,448,7,64,140003a91b3a27f98ab89bdcc0aa6b15652c08770896ad8ed6dfc6ed7da66768
atcnet,44,0,448,7,64,06d3495b508789130472bcb1b2a8db0e012e5995cad6151085b16e2fc1580b96
atcnet,44,1,448,7,64,c43a07c46b88e126723b5402b90072d12bb83fe6aa485af06f508144701557e8
atcnet,44,2,448,7,64,ff303cb0dbbe881dd653bb34fe0ff09371484ff710cb794cb8f29715227f7f26
atcnet,44,5,448,7,64,992d99265a95b9b4d14837505bae5cdd69d0bbc05f398c58027b0a05e4ac9017
atcnet,44,10,448,7,64,0e2be9c3a2f05e3200dd1c6b76829815fb11526ef7c7f9aaac4d09288312f502
atcnet,44,20,448,7,64,95f742f70cec60c0faa71eee9b3a6af78152ba0ba4efdb2d35f0c299797cbc81
atcnet,45,0,448,7,64,59f974748ed5446af7bf3e4de07eaf106387aaea1d0651380890382b9aa72a7b
atcnet,45,1,448,7,64,908222be108ff23dfaced70cf05d5b983cd5e9b435c22cb72477b4418df793d4
atcnet,45,2,448,7,64,c1888e973b07884242f6a822027e33113d2e7db78a09514ed7640faadf4f88b0
atcnet,45,5,448,7,64,6e83614fd42e24359f283d3746b36ecef5414d978f4454967af945cc3c18592b
atcnet,45,10,448,7,64,4866ed17bc2756999e7b2709d438cd09cc07df2d9885841ef0f4ecb3cff42f70
atcnet,45,20,448,7,64,620ca2182e9a8371f3d9c5776a2c8fa2b2ddaab13b19d573a21bc39e262305d7
atcnet,46,0,448,7,64,fde9f9ebb54573921be50e04a2f4efaa5d708fc0118aafe8f3f025bccba50273
atcnet,46,1,448,7,64,6061d5feb526623be141007e4a946339f7ca296c5b8163ffd91b1ed26a1b3637
atcnet,46,2,448,7,64,e47ba010332792b45b7e2bf4ad878d0d32425884f85e9db4eadd20ae9baba7dd
atcnet,46,5,448,7,64,bfe6ae3f7342b8f004d2c606a4529e3d7e8a8d4d31d9446945fa4c4155f055fc
atcnet,46,10,448,7,64,868c7b71a0b50067d2b5c87c3bef70a9e2f939231bf198d459b3359eaa1a070a
atcnet,46,20,448,7,64,bbb4968f4dfd378ca7d1eb3a79304474503fccb4a2bf15762ec49358103d4819
eegconformer,41,0,384,6,64,ebd385b73710ba33e2b70f9ee294ec32cd8bc5351891e1b00e6fb6356f11fae6
eegconformer,41,1,384,6,64,9a8453e8e33f0b0f073203854a035695fadc42ba426ef6b6044c15fad5ab8e48
eegconformer,41,2,384,6,64,4d034dab67173f4e5d4887d2bc01ffeffbb2ad66910a9a4bff155d1f711ceb20
eegconformer,41,5,384,6,64,ec0f692491a9d9da6784d6fc2c8181cea8eff7928420809a60f381501c141482
eegconformer,41,10,384,6,64,be2dd5c6c4c66dd7528d2b624a0b8d877ce84b7fc0500ea535aa62b81638662b
eegconformer,41,20,384,6,64,01b1e9f9c046495bd2f68ab01a9c53c19c8c62224a40a99cbad1b85bff232462
eegconformer,42,0,384,6,64,286bc6b8f4a1986bc7f5ffb612e41cd08c9522d8b4dd52ac7a9b5214b7284430
eegconformer,42,1,384,6,64,256516e36ecfe27831374b17d0bb2e4bd96a676659803f3a0f8a4402224922d5
eegconformer,42,2,384,6,64,9155948252d176e7dcf1ddf11a088d7c75a81a153d73a54eab4ed0b1f6bd4a1e
eegconformer,42,5,384,6,64,1108be70f871f3d30746b7ba6434029237e52b4df7fda1c669e69a069350b245
eegconformer,42,10,384,6,64,f2061fea10b196d41009b70d4a710249b63c785d978eb19f046469f3b01e7181
eegconformer,42,20,384,6,64,6bd59ce5831dcf6b0559313adcae1ce7863323ae6b6ba4bdec02f662eadf8b51
eegconformer,43,0,384,6,64,1ac5537cc1e2bbfeb9ab509f3a0cda0616e9932af28cfdbbdba2ed29060a4617
eegconformer,43,1,384,6,64,7032270e71300f16f11f71ba4c0b6f3c18e79845e98d0628a8abbd28947653ad
eegconformer,43,2,384,6,64,5509ca123e6a04e91840f6b2b881d7b31c2dd1c20b54614d67d83e1349a7cc61
eegconformer,43,5,384,6,64,51e91d53478d02cbf8c4b60fc53bb74761de4bb88c11eb1f2122886de0adac93
eegconformer,43,10,384,6,64,934aa4fe5cbbcb10fac884a32a73637bb52fac6abe1b8e216995961496675761
eegconformer,43,20,384,6,64,40c4f3f9d8085b739df1a4df26a9d5011e379d8bb6ecadfdbb316d352b2ed2e4
eegconformer,44,0,384,6,64,f27c5774aa0833feebf63efd376a501d5dc59b7e7df523db729b3d566928b520
eegconformer,44,1,384,6,64,859c0064ba1a5b9b3cf75b664a9b913ae392c97bf9672806378f5a4a90fbbb7c
eegconformer,44,2,384,6,64,948ad65c1f1fa61c13142ffa7099f33d71329b02bb8bce4eca9a349c56936f44
eegconformer,44,5,384,6,64,2e3d5e09ac49744bc9a1edc41eab0c5c7f1fd5f0e730cd0f6522c0d41b842be2
eegconformer,44,10,384,6,64,329eac9d4a08ea2179bf622c0fba311b997ce797a8c2ab54c8bb35687143a049
eegconformer,44,20,384,6,64,ed3fb60da6bb57b9a74a72e85ae28f3d6b00fa1ab80c918fa92f06c88886267f
eegconformer,45,0,384,6,64,4ffaf264ded10da60620c3a0eabd27919d2165f5543359bc78d58c6b11fd5d00
eegconformer,45,1,384,6,64,5f8272c84dcda93c7e770bd7a0fb671269cbe7b010acf99690d103b7729935b1
eegconformer,45,2,384,6,64,87d5b63ed2b1d2160e11014294c62f9d9518cd1adc05497eda25672e89b3fa6e
eegconformer,45,5,384,6,64,8c7e923dbb65d945aa1b1ee7a35c574d301409e7c6129d223b8141bf4157855c
eegconformer,45,10,384,6,64,a86dccb82a49b53a19bf4330c0ae9ec23d250b5d4148506f8a05b9bcc9586da4
eegconformer,45,20,384,6,64,6239fa339354e11de65a57b195f7a157f65b5a1c2c05712128a1df88eb5691b2
eegconformer,46,0,384,6,64,5290820a6df39ce4dd7696604b35122103493e2f1e4e7b4eddae605d4f788fdf
eegconformer,46,1,384,6,64,a3600355f971d90e2bf5367d43d10c99a965c57ce41c61ae542c6986a986eb9f
eegconformer,46,2,384,6,64,ac8c8300876386efc518f8c79aebc831138afaadb2fe3200cd7fcd43f4ce701e
eegconformer,46,5,384,6,64,6ab192b0d09180af0d62783b573a3f18fdcd01d49e5b5225852fb4ba623a7861
eegconformer,46,10,384,6,64,79243942a7e3f0aebd346f7c7b8b0eeb35990492c084c61cbb7c6b39e985f686
eegconformer,46,20,384,6,64,ff4f2a7835071d5d35da29fb316f8cec4efdad1e121a7be3183c99a706074dad
eegnet,41,0,448,7,64,ca482fd3f27647605edb526a948125bb8283753411d98be0b519ace8484c899f
eegnet,41,1,448,7,64,0a5e9b1ce3781e41683b737c7b46cf9f5d5262ad395ab3272c89932e723036f2
eegnet,41,2,448,7,64,71273ceba5601c3a01826e614b7ec5d09558940ce33c3ad24e2ea410bf8a1301
eegnet,41,5,448,7,64,99017b9547e169d5374471f9eb69e8491d9b96c007a7ba44e655d5c0670f6b80
eegnet,41,10,448,7,64,2574babd40544be8d51eb3b0b2adf2cc78d188bed1db6b57bd9ecdce0a82a90f
eegnet,41,20,448,7,64,a1696114d58929c60cb159de88d50c3272941e3e76062397f002bf5ef0f60366
eegnet,42,0,448,7,64,d5664f79868ee375f60cf513b855ce42d707958315349c90227590259debdb57
eegnet,42,1,448,7,64,3c68767bf03efc4fea7a5cfb1389a302605ed0ef53ce2322fd74ad84d36cb747
eegnet,42,2,448,7,64,1b4c62e50c7d482fa2f62e464465ab75ecff88843751bd96207fe6eaf3cf7a30
eegnet,42,5,448,7,64,c18371a0ca2039f306513c21c5b50e5dda248b9a2269992b972d61d7bea536f9
eegnet,42,10,448,7,64,4503cf53dd5bda060db4ee87445941dba047e2dd0829559268ecfba118cf11aa
eegnet,42,20,448,7,64,cc545ee67ef65a1704fb4ce1b97fee51bdb0cb82ef38971ec4096455af137ac7
eegnet,43,0,448,7,64,f66d7b6e7b7f391b8520a4c47171c56e0086afd03c89ba253ecf0fcfa8b8fa73
eegnet,43,1,448,7,64,42d8cf0d93b63a2d060f998bab781bc43e5646b2b44a7505f208b5b1c4a2940a
eegnet,43,2,448,7,64,5271a871c02d5323c9723e18a7eb693619514abe24362c9801fd664acf33e6d3
eegnet,43,5,448,7,64,2b391bd154f52f8ff0779c6aa4e46e0e75c18761ad6b469980e994789b9b8ff7
eegnet,43,10,448,7,64,2062138409739aed8d1f5368aaaf7a8494c6767ab0a74434a5a38a0fa9fe0398
eegnet,43,20,448,7,64,a1fc85a0fc3ff640d383ea08058fc9dcee8550e0e7e9af2094769ece49649323
eegnet,44,0,448,7,64,2f97d2ee059c87a4ae46f26c7813de8b6e9e51cb41bc7a5a76a4a7d7a2c8f05b
eegnet,44,1,448,7,64,1266e83bd8c08c846e1afa2e6413ff9f0b1eb21c94ead7b4d3e2bde9c4b44d5e
eegnet,44,2,448,7,64,746c9a6248f24b121b2ffea7eb3f3cc34b294e12c0fd27ea856f93d9498f6733
eegnet,44,5,448,7,64,8ce91b32a653c0626469f622fbd129dbb9ccea961e8593795a0bd8c6a33f5fd0
eegnet,44,10,448,7,64,6da185908f5a62114e420b86945e029c314e688b3eacd6fbb9e9a43d844d73df
eegnet,44,20,448,7,64,5672d2fc332e142bd9d3027c6fbb0ffe57644a55e54301ceed3ceab93b28cab9
eegnet,45,0,448,7,64,9aa6951c570a1287708d1b799385c913cc257b7f78c6050aba5870cedd8f6562
eegnet,45,1,448,7,64,90ef428707d7f5873d8d4e3f1c418ebe39ad45502e0fc77f7e3977b3d95d9914
eegnet,45,2,448,7,64,40d543a4c81afb9b722c5d90d96002035eca2ee689aa3e34bda2b6971600ecf4
eegnet,45,5,448,7,64,d52704571f0c8e50dc3c5d2e14ed1921392c5a0e875532cb750f826be40f7562
eegnet,45,10,448,7,64,28fa62825454c41604860796a9da026d5d698528bbcea8eae9fbf2fc8d5d84b4
eegnet,45,20,448,7,64,a900fb0c5734690f5660fd00ed83542df8d657b2022956b62c5c06be1ebc195a
eegnet,46,0,448,7,64,1a788dd0e1e7d7b768886b3ca3d1a067b583406ea9f247a1e0e99e2820b15a5a
eegnet,46,1,448,7,64,dad8b44d0e689f9e29e2d022ebe7285aeadde4fad86697d8f62b5e4e976aa8f7
eegnet,46,2,448,7,64,15ed0ac9533cf7c68b6396b343da0445a097eae086c9b6d0e218ac67e09a2375
eegnet,46,5,448,7,64,1fadedb046151d75193b316cb48ca0d9a183276ad67691953c5df87cc69a260d
eegnet,46,10,448,7,64,aeaa97feac2eb99956728bf56dc9664c6f0e32fca7e5c46042a7aa6b891e60d2
eegnet,46,20,448,7,64,e399ae7b32185e0f5c9cdc609b879cd90d4eb9476d7e6a991a17af121aa0e7dd
shallowconvnet,41,0,384,6,64,218efb56980afaa98a5baa8aaf084f7b5583e6085f530e9f30f5d1569b24c1ad
shallowconvnet,41,1,384,6,64,94ea0317f44b0e1ce337e749be9a43606fffbe212ab255a1a2e1352128015ce2
shallowconvnet,41,2,384,6,64,6d635aab3be7345b732bc456eb3cd0ce3226c3536ed5789448544e9eeeb90fc2
shallowconvnet,41,5,384,6,64,3ec505e9d7c6dbe1ba25ad336474a5956c99e73350c3e0afd33ed7346e50c721
shallowconvnet,41,10,384,6,64,67eafdbd532abdd3113518041360a54c50dd843da343ec4df29d6c844d8eb2e2
shallowconvnet,41,20,384,6,64,1514600a1661ea8abbf3b452ad4842052ab0e24571dfb4ccfdab6302a77cb8cb
shallowconvnet,42,0,384,6,64,f4fa63e66499a584258a4993f38fa9805e22260a6a45edcfa7085ca9178abf2f
shallowconvnet,42,1,384,6,64,2481341f38b0624a889847c631cf6945fd7cfe01c0fdf1cc12fc96e6ec23d4c3
shallowconvnet,42,2,384,6,64,617494860f6931bbdf8d1f146f238309b0f7ed483bb791da1e342a23c553d439
shallowconvnet,42,5,384,6,64,277cfc095ab522d195165c9c1c391a03cff9158677bbc37d7d025cff82c86cde
shallowconvnet,42,10,384,6,64,b5577459ceb7fb0bb9ef6ef24dce41f813fe4dcb56d063d73e1734d08a48f0a9
shallowconvnet,42,20,384,6,64,a2ea55bb02032b31de20fe5b495342349992e5363f914b8880b833fe576888e3
shallowconvnet,43,0,384,6,64,c0ebd5f1d7861f056e9bf0a167830a107823fe2e15b96db8038ef2ca1a0c5d53
shallowconvnet,43,1,384,6,64,a132582223e1b9b21aba9192c3a4943f1eb98c18f87cc0a23eb758cd1355ce39
shallowconvnet,43,2,384,6,64,065eff8f61d41858fbc1967b735fc338c312ae64b5f54e855e89cd9190985645
shallowconvnet,43,5,384,6,64,9da1fb8650ae3d9725a986ec0218bb2420aadc40b548f815dc469bb2e4916938
shallowconvnet,43,10,384,6,64,6dca81c38db9e347da5b2a2e83aeaa0f27c1afaa691dcc58cd38ddd054856d89
shallowconvnet,43,20,384,6,64,14d15eb3a063b40840d135c7ee8370e61d17276cb3515d7ca95bb49b7a89dc6d
shallowconvnet,44,0,384,6,64,cf8fc9bdc7feb76a461d84a8af750329956a835a3d253600a6c159b0220d40b5
shallowconvnet,44,1,384,6,64,4965030160f40e6fc465f70952da09b25c0b8be25fd796b19afb906b8502b96c
shallowconvnet,44,2,384,6,64,35d5aea7892e487726ee0981adf76bc39e0433b4a7ec9a8447dc6e0d5f0ccccc
shallowconvnet,44,5,384,6,64,1c3ff4ef13c0136348b1ac55ab41110bcdc2bdff27d71e215be5f61185f20422
shallowconvnet,44,10,384,6,64,490af98b7b667c68535a1ac1eb7c4c52971291116c17e49878cf5e651e08f1d5
shallowconvnet,44,20,384,6,64,a64893bd6e95cfebfc993c2c0b54cc9a9c11300de9835c9ecf7b825635878558
shallowconvnet,45,0,384,6,64,2ff6e0052cd84ee05c32a8023b84418368510eef305e015439b9f30af7e31fb6
shallowconvnet,45,1,384,6,64,b2b27a0e25758348d59b3a261289b3f7cfddbc72ae67d949edd2309ec8091b37
shallowconvnet,45,2,384,6,64,0602192da71c84d051761d90aede9456c6856c929c58b5f76e907d0e93751aa6
shallowconvnet,45,5,384,6,64,8e0989bfc9354e2d406b0ce0fa6f1073c3a4cf2f4259cf0e19761c9a52924604
shallowconvnet,45,10,384,6,64,ff781495c680ad7b8f12715f2d4a770b1b113944c04fa4ce2d8b40204c37813d
shallowconvnet,45,20,384,6,64,e92161bc099c9b856eba1f9be57dd4c5dd42561c25ebb70fd95b917f7bb00a97
shallowconvnet,46,0,384,6,64,698885b95859f8d6885fe575dacce53e17adc9a18836093a0a2a0fdc19261fde
shallowconvnet,46,1,384,6,64,a4f33c8aefaf4b1da4e7d7d944361845f78bed5c422901cdd497efb758d70f4b
shallowconvnet,46,2,384,6,64,98f30a7446189d0939d8120ac9597827ee34716147bef28d94fe5803d2f13faa
shallowconvnet,46,5,384,6,64,34d0e4532adc5dc8370e088286e96ff237b4468a90e8a3e53d2e2f01b70c7739
shallowconvnet,46,10,384,6,64,1d7638409d5dca29a91944bff4020af21cfc8602d06f870b25500e35b6213243
shallowconvnet,46,20,384,6,64,8f9316624d221f9ca16aafa8c01222472f2f4b2f4341df3e267569af95d95778
tsception,41,0,512,8,64,977b428093e2f1deb5cfa0cc93ff09d04585863dd20c7b5c761f83835b973f86
tsception,41,1,512,8,64,c3f71d428c39816849bf1139df6e3297d6399b0533e178be426207b35c8d0365
tsception,41,2,512,8,64,e863a3170697f67f416a2bd70d2c237ae37dff3b00462a059c5f91128a90dd89
tsception,41,5,512,8,64,0dabc657bf8edb9980d49d7bfadcb5cdff904670a6dabf16241a720175123d07
tsception,41,10,512,8,64,0abc1f1e69bdf76b89d0fd6d7a497c6ca07665c3a2dcb60dfcd9f371c6def728
tsception,41,20,512,8,64,70b0af04a9eeba18c1e67afb9ef84473b61b883ff2b95c4b20afb8d3642f6230
tsception,42,0,512,8,64,c45eab9702a4aa6e43badd075d6af8274fedabbbe03897b00efba4fb9bfb8664
tsception,42,1,512,8,64,d9c159144acf49aee533da4626027c2068375b858072edace18ca30c7180c706
tsception,42,2,512,8,64,022caa9fd245790062b60d6e1a1e7415b082314eb9543790a95c3e892f0be859
tsception,42,5,512,8,64,7fd2c697d6a786564df8e81f9e20dfaa99a888d073e062001c3f03cba0efe65b
tsception,42,10,512,8,64,ee436f80e0eec1ca88be52b4a828a7c556dc65959444168fe821d97922b57f6b
tsception,42,20,512,8,64,0cb62ca6375402c0ba62bf3bad95ec7e909241b6c58f17e213b449c8500f177c
tsception,43,0,512,8,64,fb262670692cd727cb559ef5e19f7dba310511da46f60b72e756c948593c7db6
tsception,43,1,512,8,64,2e577b718fef7d3daa40799bae2bcf9ac4efce97b4d0bf14cce24bcaccdfecaa
tsception,43,2,512,8,64,36a99bfaa79df101be11cc183f928ae2c0549b656bb2333ff86c3bc155b52bcd
tsception,43,5,512,8,64,b7737862192c0c4129843dea1fa2f1f770f795440e90d428586fdeeaccbf700c
tsception,43,10,512,8,64,8af0524dad2650eba2d70a468a65d068f31ea208f6e618084ec75af718dc6310
tsception,43,20,512,8,64,7c45458bf5db31dc2d2720b285ac9ec76e34df7c002b0ff6079f3d5cceb8219d
tsception,44,0,512,8,64,079578a7345d4def91a5b720aaa7e3e97ba506d66996785fc4fb754fe3b41471
tsception,44,1,512,8,64,3254667850217d69193f133bd4046bdba79ef2178c2fd9084a8c89d413a0d655
tsception,44,2,512,8,64,ef5dbdd4a3e41895b4abd4d3d3876c49ef90b108759c09a4cc882c71f8e53e66
tsception,44,5,512,8,64,75953d74bfe77a86520869a498718200490001009961a70e1648ef0c0a73ea5f
tsception,44,10,512,8,64,14716416a746b12bab31b81e2c5195645fdc4ef40b187dbd7ec63b231371146e
tsception,44,20,512,8,64,a4d81cb90f0b4a512bdb21b47c8b703f4a82ae1449dd727579d621f0c9835464
tsception,45,0,512,8,64,533c2c0736c7c2353bd4d30f106dd168059e91143cb1f9681055127d09793868
tsception,45,1,512,8,64,a20484fd64b271a6bfc0dc1eac63fdd8acedb384e8b4cea37dfabb8292907dba
tsception,45,2,512,8,64,1e2d6e54bff2aae38438573b8eca08a2a98600663297e6ff559141d4d14d33ed
tsception,45,5,512,8,64,dd62bef6c9d9cedc009386c1af0d2ceaddcd6df2f7b070f48df27ceffe40dcd8
tsception,45,10,512,8,64,ff9d68057c5d1d31a2a89e1a8fcc0d3344ab4e774422cd80e46462e3fa5981e8
tsception,45,20,512,8,64,a4fe3eea3e4441dcfc13b4f9c0aed5fbde05d5a2531356d0043787e3b9967f3a
tsception,46,0,512,8,64,35969952c5940b0941807b3dcd61e1bac94dfba660f6eb4148e4cf7b90f29396
tsception,46,1,512,8,64,a32a0e0144f1d72eb897e9446a12ade0fc69c20fcef9a36602a81d7b458a045e
tsception,46,2,512,8,64,5d78d0d23b24dd13d135865e2ed3ea69e070a09d9e07757b84fc3f07efd634f3
tsception,46,5,512,8,64,ddd924b0b43946f532d870fd58f51742b8f9524176f1ec2f60a79cfb04605b26
tsception,46,10,512,8,64,79afc80efdb34586433dc532100843fdab2277ea013cdb35a2488c3cfb5c875d
tsception,46,20,512,8,64,3b31ab04b0108dda4670fb9aeb0e3714191ac6ff603bf60f37f9eaa90e97d003
