arch,seed,epoch,layer,raw_odi,anchored_odi,raw_signed_mean,anchored_signed_mean,baseline_sq_over_raw_den,cross_over_raw_den,residual_dot_over_raw_den,raw_floor_bands,raw_floor_pairs,anchor_excluded_bands,anchor_excluded_pairs,signed_reconstruction_max_abs_error,delta_anchor_minus_raw
eegconformer,41,0,patch_embedding,0.9704076933239001,0.10372558673537895,0.9704076933239001,0.09616098079699413,0.9681596628800669,0.0021225515535616426,0.00012547889027099635,0.0,0.0,0.0,0.0,2.0573820425084932e-15,-0.8666821065885212
eegconformer,41,20,patch_embedding,0.6778590602577073,0.18305850628037573,0.6778590602577073,0.18171650195382655,0.7239162989553596,-0.05067294420889598,0.004615705511243222,0.0,0.0,0.0,0.0,2.345346139520643e-15,-0.4948005539773315
eegconformer,42,0,patch_embedding,0.9701439309743023,0.09196708328349897,0.9701439309743023,0.0814177362392405,0.9704850739995049,-0.0004065822416010099,6.543921639811078e-05,0.0,0.0,0.0,0.0,2.2187113257743363e-15,-0.8781768476908033
eegconformer,42,20,patch_embedding,0.7129473711475653,0.17686274982164157,0.7129473711475653,0.16810081007158392,0.7786770482200746,-0.06982636901605553,0.004096691943546195,0.0,0.0,0.0,0.0,1.8544193958192068e-15,-0.5360846213259238
eegconformer,43,0,patch_embedding,0.9647532158966539,0.07618638415230496,0.9647532158966539,0.06549996828859116,0.9658202842877315,-0.0011289087624987374,6.184037142060439e-05,0.0,0.0,0.0,0.0,1.6566609195578508e-15,-0.8885668317443489
eegconformer,43,20,patch_embedding,0.7226354183048207,0.16000339481436912,0.7226354183048207,0.15401659310257973,0.800545278179061,-0.08072166788445367,0.002811808010212868,0.0,0.0,0.0,0.0,1.915134717478395e-15,-0.5626320234904516
eegconformer,44,0,patch_embedding,0.9774216044445383,0.07041519843383391,0.9774216044445383,0.057298891550940284,0.9799445338719575,-0.002550129558700578,2.7200131280998476e-05,0.0,0.0,0.0,0.0,2.1892210266827306e-15,-0.9070064060107044
eegconformer,44,20,patch_embedding,0.728825281495718,0.16687075965135176,0.728825281495718,0.1606350350392084,0.7849945365391656,-0.05885613631926322,0.0026868812758150933,0.0,0.0,0.0,0.0,2.2620794126737565e-15,-0.5619545218443662
eegconformer,45,0,patch_embedding,0.9582424762957781,0.11668295497899206,0.9582424762957781,0.10817585639035494,0.9638835193813543,-0.005806331561766822,0.00016528847619005902,0.0,0.0,0.0,0.0,1.5525775109992423e-15,-0.841559521316786
eegconformer,45,20,patch_embedding,0.7120954692502587,0.11067484687419685,0.7120954692502587,0.09775444473182894,0.7525172746855592,-0.04212351507552966,0.0017017096402287227,0.0,0.0,0.0,0.0,2.203098814490545e-15,-0.6014206223760619
eegconformer,46,0,patch_embedding,0.9807359018306887,0.1119282202620407,0.9807359018306887,0.105174692982621,0.985659288699837,-0.0050367830539238,0.00011339618477502507,0.0,0.0,0.0,0.0,2.465042059363043e-15,-0.868807681568648
eegconformer,46,20,patch_embedding,0.7143204909513837,0.1899695456980021,0.7143204909513837,0.1868556277231663,0.8029846270271036,-0.09426066353849483,0.005596527462774753,0.0,0.0,0.0,0.0,2.0920765120280294e-15,-0.5243509452533817
