arch,seed,epoch,layer,min_anchored_response_norm,median_of_window_min_anchored_response_norm
atcnet,41,0,attention_blocks.0,0.09099097302752865,1.0191627712137357
atcnet,41,0,attention_blocks.4,0.09945457437049905,1.0653129146640608
atcnet,41,0,conv_block,0.0029039763488316714,0.016096597081818917
atcnet,41,0,final_layer.4,0.018401803935168357,0.12747048052998544
atcnet,41,0,logits,0.004369386902788169,0.05155304385338101
atcnet,41,0,temporal_conv_nets.0,0.19808840455719684,1.8835629432658716
atcnet,41,0,temporal_conv_nets.4,0.16904007605113613,2.0890792058333645
atcnet,41,1,attention_blocks.0,0.017279887787352316,0.21335464760172207
atcnet,41,1,attention_blocks.4,0.02225385518343425,0.24801918846457477
atcnet,41,1,conv_block,0.02369920226856596,0.2340778683034131
atcnet,41,1,final_layer.4,0.0013297875261710553,0.02082018289235983
atcnet,41,1,logits,0.0004097706205258809,0.006993300268303804
atcnet,41,1,temporal_conv_nets.0,0.02782857495649496,0.31599961756960215
atcnet,41,1,temporal_conv_nets.4,0.02595976339406091,0.3011001883298169
atcnet,41,2,attention_blocks.0,0.01191699891960107,0.1991141938353027
atcnet,41,2,attention_blocks.4,0.016702081570050844,0.17051034508254753
atcnet,41,2,conv_block,0.015535137709672613,0.16070540896730687
atcnet,41,2,final_layer.4,0.0015344275490584097,0.014044883958939412
atcnet,41,2,logits,0.00024390359930405624,0.007282033238831757
atcnet,41,2,temporal_conv_nets.0,0.018141211836327425,0.31189580060755595
atcnet,41,2,temporal_conv_nets.4,0.019006806402625892,0.2029322527302603
atcnet,41,5,attention_blocks.0,0.015397179710784836,0.17352410128727402
atcnet,41,5,attention_blocks.4,0.015328324703806783,0.17437991992555552
atcnet,41,5,conv_block,0.014367378534745763,0.14201812488410143
atcnet,41,5,final_layer.4,0.0011830520295649624,0.00862110650041716
atcnet,41,5,logits,0.0006628538998855816,0.010620243058783733
atcnet,41,5,temporal_conv_nets.0,0.02096968384309521,0.23447807555815428
atcnet,41,5,temporal_conv_nets.4,0.01507312192678198,0.19409770699692985
atcnet,41,10,attention_blocks.0,0.013179724410465827,0.1212456987979709
atcnet,41,10,attention_blocks.4,0.013380418429888227,0.11951300881036325
atcnet,41,10,conv_block,0.014654256649903996,0.12822275977616276
atcnet,41,10,final_layer.4,0.0004874287567492156,0.009738343801747583
atcnet,41,10,logits,0.0005668162301485396,0.007562770009224472
atcnet,41,10,temporal_conv_nets.0,0.02270380068592651,0.1831616728834249
atcnet,41,10,temporal_conv_nets.4,0.013336225974684696,0.10865179320996672
atcnet,41,20,attention_blocks.0,0.020169321266142525,0.11388261135590816
atcnet,41,20,attention_blocks.4,0.016472078758726253,0.12902990727221925
atcnet,41,20,conv_block,0.018823171446226753,0.12359157025664147
atcnet,41,20,final_layer.4,0.0018688351240771267,0.016923345879202446
atcnet,41,20,logits,0.001982300052564273,0.011785307273474155
atcnet,41,20,temporal_conv_nets.0,0.0523077446980493,0.182721792521474
atcnet,41,20,temporal_conv_nets.4,0.013586388000010847,0.13289294942273305
atcnet,42,0,attention_blocks.0,0.1265351752967591,1.1333448322533148
atcnet,42,0,attention_blocks.4,0.17945244577028716,1.2788163621075808
atcnet,42,0,conv_block,0.0035336132306826164,0.016213242132624033
atcnet,42,0,final_layer.4,0.012729183253778467,0.15569060653084063
atcnet,42,0,logits,0.0059489265531528866,0.08400271514483779
atcnet,42,0,temporal_conv_nets.0,0.23625988124017364,1.9816172142641202
atcnet,42,0,temporal_conv_nets.4,0.3241950478703839,2.4024189120904804
atcnet,42,1,attention_blocks.0,0.011833293415495596,0.15645168764934725
atcnet,42,1,attention_blocks.4,0.012938824381362544,0.17110661454777956
atcnet,42,1,conv_block,0.013874238228901836,0.12120704419573379
atcnet,42,1,final_layer.4,0.0006322387179402623,0.009606201600853998
atcnet,42,1,logits,0.0005495247218812201,0.005486491062333131
atcnet,42,1,temporal_conv_nets.0,0.016831901000524032,0.25985940200785496
atcnet,42,1,temporal_conv_nets.4,0.012991805066072707,0.20103342691166393
atcnet,42,2,attention_blocks.0,0.009076487187340297,0.10347078770328047
atcnet,42,2,attention_blocks.4,0.008847312984045484,0.12210623420503683
atcnet,42,2,conv_block,0.010939921965151483,0.08578613316940778
atcnet,42,2,final_layer.4,0.00026340099207002124,0.00688770642974571
atcnet,42,2,logits,0.00024137684320068222,0.0031491189757693674
atcnet,42,2,temporal_conv_nets.0,0.013279228300417533,0.1498203415776284
atcnet,42,2,temporal_conv_nets.4,0.008986902215155933,0.12443577330045529
atcnet,42,5,attention_blocks.0,0.012691129613436342,0.15150882773993024
atcnet,42,5,attention_blocks.4,0.009456649699422087,0.12993198870118366
atcnet,42,5,conv_block,0.012410221538800097,0.11392078566572178
atcnet,42,5,final_layer.4,0.0007962167650332013,0.011822558199866943
atcnet,42,5,logits,0.0006819278159202915,0.00799304496379711
atcnet,42,5,temporal_conv_nets.0,0.017469602306069868,0.2033731553886972
atcnet,42,5,temporal_conv_nets.4,0.011339516345661303,0.18169417144314237
atcnet,42,10,attention_blocks.0,0.006794167764888039,0.10801191033244828
atcnet,42,10,attention_blocks.4,0.006939890903586763,0.11076717336056471
atcnet,42,10,conv_block,0.0075697177386026574,0.08729722349442363
atcnet,42,10,final_layer.4,0.0006692448342909283,0.015659862786500195
atcnet,42,10,logits,0.0003048522476420596,0.006962753960206174
atcnet,42,10,temporal_conv_nets.0,0.011176861806029876,0.13869296118762472
atcnet,42,10,temporal_conv_nets.4,0.00931552631916995,0.15135312184032373
atcnet,42,20,attention_blocks.0,0.023279907007797526,0.19691904353171935
atcnet,42,20,attention_blocks.4,0.03175846445494164,0.179388237426045
atcnet,42,20,conv_block,0.02624453053072224,0.18380982601573354
atcnet,42,20,final_layer.4,0.0031597880042670604,0.023581043717239198
atcnet,42,20,logits,0.0009048410379473589,0.017494095614074702
atcnet,42,20,temporal_conv_nets.0,0.034937705702774866,0.3238314380390264
atcnet,42,20,temporal_conv_nets.4,0.0442600430008811,0.27551305317262875
atcnet,43,0,attention_blocks.0,0.1391153873663418,0.9109715183379321
atcnet,43,0,attention_blocks.4,0.15417209531627804,1.1419577868920392
atcnet,43,0,conv_block,0.0033949805872580474,0.015371800375878998
atcnet,43,0,final_layer.4,0.00641533405517399,0.09391917549888355
atcnet,43,0,logits,0.003389368215240693,0.03890723396265784
atcnet,43,0,temporal_conv_nets.0,0.24676104812125305,1.6502623395827307
atcnet,43,0,temporal_conv_nets.4,0.2948966581160786,2.1419648018479642
atcnet,43,1,attention_blocks.0,0.012050495567258632,0.10867587394015982
atcnet,43,1,attention_blocks.4,0.011246182027830148,0.10451022881846425
atcnet,43,1,conv_block,0.013070530123611986,0.10378932082907957
atcnet,43,1,final_layer.4,0.0007294857050578066,0.005791107694721699
atcnet,43,1,logits,0.000202531820911435,0.0033913510960863528
atcnet,43,1,temporal_conv_nets.0,0.020876705702835518,0.16650943310875543
atcnet,43,1,temporal_conv_nets.4,0.012001938956166011,0.12458366315181235
atcnet,43,2,attention_blocks.0,0.008941292012442066,0.08769963637122027
atcnet,43,2,attention_blocks.4,0.007897170615111433,0.09243570373751442
atcnet,43,2,conv_block,0.009769036589593015,0.08929436121642556
atcnet,43,2,final_layer.4,0.0005031738855816348,0.005641743355176355
atcnet,43,2,logits,6.228445079800498e-05,0.003301215192881907
atcnet,43,2,temporal_conv_nets.0,0.014880653415592767,0.11674536343645048
atcnet,43,2,temporal_conv_nets.4,0.009315684770624931,0.11041998256246953
atcnet,43,5,attention_blocks.0,0.0066571480156274385,0.07631732239584227
atcnet,43,5,attention_blocks.4,0.006654126760973102,0.07902917609735134
atcnet,43,5,conv_block,0.008065204690498455,0.08500682940909629
atcnet,43,5,final_layer.4,0.0004754077387193274,0.004994835252175485
atcnet,43,5,logits,0.00024228714393290262,0.003111885183748246
atcnet,43,5,temporal_conv_nets.0,0.009573955277303642,0.0974481881488185
atcnet,43,5,temporal_conv_nets.4,0.007853945690369414,0.09707730081484382
atcnet,43,10,attention_blocks.0,0.011490298077749874,0.1176650815273388
atcnet,43,10,attention_blocks.4,0.01792010667634726,0.15261340192413736
atcnet,43,10,conv_block,0.016673686841374755,0.13986788529868566
atcnet,43,10,final_layer.4,0.0009664561064229092,0.0158391265094558
atcnet,43,10,logits,0.0002773842554995895,0.00840797915323813
atcnet,43,10,temporal_conv_nets.0,0.014842114865598662,0.15598928371403908
atcnet,43,10,temporal_conv_nets.4,0.019948965949875865,0.17541038908577153
atcnet,43,20,attention_blocks.0,0.015385379848878236,0.20773418525162174
atcnet,43,20,attention_blocks.4,0.014541224590318765,0.2003067419509294
atcnet,43,20,conv_block,0.01772128579577199,0.1706149296024606
atcnet,43,20,final_layer.4,0.0018038193640763107,0.03367536486878683
atcnet,43,20,logits,0.0002940628374245879,0.048607654986033824
atcnet,43,20,temporal_conv_nets.0,0.02225453209033617,0.364141927296134
atcnet,43,20,temporal_conv_nets.4,0.015921425659843415,0.23179627082145043
atcnet,44,0,attention_blocks.0,0.08835400638690226,1.1631230538156059
atcnet,44,0,attention_blocks.4,0.13809589920523582,0.9708277347031223
atcnet,44,0,conv_block,0.0026768857857411817,0.015051941327312345
atcnet,44,0,final_layer.4,0.0075576129596371475,0.06991509446534946
atcnet,44,0,logits,0.004406786102830016,0.04621240704242796
atcnet,44,0,temporal_conv_nets.0,0.17317891078519407,2.1364424663079733
atcnet,44,0,temporal_conv_nets.4,0.26989623164414506,1.6369695311605432
atcnet,44,1,attention_blocks.0,0.022073905518497656,0.2829992385259172
atcnet,44,1,attention_blocks.4,0.015762305364120304,0.2433725847133242
atcnet,44,1,conv_block,0.020689297515268767,0.20831851993146105
atcnet,44,1,final_layer.4,0.0013542510158321606,0.014828837369669364
atcnet,44,1,logits,0.0005237147095439283,0.011446044707197265
atcnet,44,1,temporal_conv_nets.0,0.026228760447680195,0.2999797763839393
atcnet,44,1,temporal_conv_nets.4,0.018993627562802623,0.29434221166997715
atcnet,44,2,attention_blocks.0,0.01653399794590298,0.22099865179494765
atcnet,44,2,attention_blocks.4,0.014879766791669663,0.1917371353279938
atcnet,44,2,conv_block,0.01633453979265994,0.135903925876264
atcnet,44,2,final_layer.4,0.0008428926690281052,0.01078230155177963
atcnet,44,2,logits,0.00042812905208310906,0.004639988327932332
atcnet,44,2,temporal_conv_nets.0,0.02195197933837415,0.23680108239981557
atcnet,44,2,temporal_conv_nets.4,0.01541822969553068,0.21387336112839087
atcnet,44,5,attention_blocks.0,0.01753067392828342,0.18747971617457912
atcnet,44,5,attention_blocks.4,0.01317868892914011,0.15754847895607027
atcnet,44,5,conv_block,0.016132556234636004,0.14498168965052022
atcnet,44,5,final_layer.4,0.0015143923853123816,0.013625660049720056
atcnet,44,5,logits,0.0005024048361134858,0.008029621767335881
atcnet,44,5,temporal_conv_nets.0,0.02352313363398619,0.2268615622909507
atcnet,44,5,temporal_conv_nets.4,0.014582888840851082,0.1783742757778638
atcnet,44,10,attention_blocks.0,0.01810861301430739,0.20436164085476644
atcnet,44,10,attention_blocks.4,0.010848102484431079,0.1383386895786861
atcnet,44,10,conv_block,0.017755169315395714,0.15538183456003257
atcnet,44,10,final_layer.4,0.001359226525160025,0.013477907185635657
atcnet,44,10,logits,0.0003490880687746997,0.013954323230284168
atcnet,44,10,temporal_conv_nets.0,0.02665799405622281,0.26485181151403137
atcnet,44,10,temporal_conv_nets.4,0.011559736979152687,0.1606985353306324
atcnet,44,20,attention_blocks.0,0.03219115646004582,0.3451718050383544
atcnet,44,20,attention_blocks.4,0.015204108506341515,0.2516128880428787
atcnet,44,20,conv_block,0.019594272094019895,0.16871168674100573
atcnet,44,20,final_layer.4,0.0038307653629672074,0.04696236362701775
atcnet,44,20,logits,0.002885882141390461,0.0705351964502901
atcnet,44,20,temporal_conv_nets.0,0.07021633126533798,0.6550996894229273
atcnet,44,20,temporal_conv_nets.4,0.017256113735977168,0.32957192662481977
atcnet,45,0,attention_blocks.0,0.10293613822095622,1.0484052750177777
atcnet,45,0,attention_blocks.4,0.15147479909747336,1.2035636930911986
atcnet,45,0,conv_block,0.0031804830396715195,0.014564177566198228
atcnet,45,0,final_layer.4,0.01763415043465849,0.14930222428429807
atcnet,45,0,logits,0.00476692977382938,0.09407797722878339
atcnet,45,0,temporal_conv_nets.0,0.1679978728691205,2.384442206966554
atcnet,45,0,temporal_conv_nets.4,0.2906197752780919,2.8360852944339987
atcnet,45,1,attention_blocks.0,0.024186400082710734,0.2184567145917195
atcnet,45,1,attention_blocks.4,0.026391638818227387,0.23304022585687129
atcnet,45,1,conv_block,0.028402976397854794,0.23000207635752723
atcnet,45,1,final_layer.4,0.0025800667791527256,0.032331742804448046
atcnet,45,1,logits,0.0015396802667551111,0.015450489874499176
atcnet,45,1,temporal_conv_nets.0,0.030214655940309615,0.24837266017740606
atcnet,45,1,temporal_conv_nets.4,0.030734236191009283,0.3553961971405729
atcnet,45,2,attention_blocks.0,0.025924502689683764,0.2739141352564779
atcnet,45,2,attention_blocks.4,0.029466826441835566,0.2733597482384986
atcnet,45,2,conv_block,0.03409036446190078,0.25548011026994666
atcnet,45,2,final_layer.4,0.0036419740266701206,0.04101105695662745
atcnet,45,2,logits,0.001781919732627747,0.021244254128102887
atcnet,45,2,temporal_conv_nets.0,0.03337069331547259,0.33807091560292296
atcnet,45,2,temporal_conv_nets.4,0.03249818230431328,0.4171182207143104
atcnet,45,5,attention_blocks.0,0.024842030131770516,0.29456985902280597
atcnet,45,5,attention_blocks.4,0.024804378172808957,0.3515924769114258
atcnet,45,5,conv_block,0.02919640678614743,0.2707379457755102
atcnet,45,5,final_layer.4,0.003366786606195666,0.03672694316242632
atcnet,45,5,logits,0.002298744047177737,0.019249437511454998
atcnet,45,5,temporal_conv_nets.0,0.036059676259057365,0.3475549226817005
atcnet,45,5,temporal_conv_nets.4,0.033321188175401015,0.5063874727372997
atcnet,45,10,attention_blocks.0,0.016618944432688156,0.1833521518142434
atcnet,45,10,attention_blocks.4,0.01756636095327564,0.19124234411473567
atcnet,45,10,conv_block,0.020066983289245003,0.16564705889178968
atcnet,45,10,final_layer.4,0.002637104608964496,0.02652010354491595
atcnet,45,10,logits,0.0013929799887173536,0.014892665170961302
atcnet,45,10,temporal_conv_nets.0,0.026170201748867847,0.2472165807730744
atcnet,45,10,temporal_conv_nets.4,0.01944913403159699,0.26337502243032596
atcnet,45,20,attention_blocks.0,0.02449425873975801,0.19109244339947437
atcnet,45,20,attention_blocks.4,0.01286229583159165,0.2537640140023169
atcnet,45,20,conv_block,0.018551809502522294,0.17663627381488883
atcnet,45,20,final_layer.4,0.0010392022758384997,0.0433668705620381
atcnet,45,20,logits,0.0013772437436067953,0.03414555863918288
atcnet,45,20,temporal_conv_nets.0,0.036875197978922726,0.25889647781092356
atcnet,45,20,temporal_conv_nets.4,0.013903062596108781,0.34979467863524705
atcnet,46,0,attention_blocks.0,0.11147014442663375,1.074648116082718
atcnet,46,0,attention_blocks.4,0.16743651161719922,1.1354045871122724
atcnet,46,0,conv_block,0.0032919429964564846,0.015466524522748331
atcnet,46,0,final_layer.4,0.027098632361030318,0.15830429572829002
atcnet,46,0,logits,0.011657788037784172,0.04815399511015285
atcnet,46,0,temporal_conv_nets.0,0.21125018818886773,2.0816822652806204
atcnet,46,0,temporal_conv_nets.4,0.337732481276953,2.1307473879490404
atcnet,46,1,attention_blocks.0,0.01801439380564999,0.2056950558389642
atcnet,46,1,attention_blocks.4,0.018183818601974554,0.20911925473984622
atcnet,46,1,conv_block,0.01740050014759848,0.1515265471824308
atcnet,46,1,final_layer.4,0.0017444782794039946,0.019875525039252436
atcnet,46,1,logits,0.00040921528217150984,0.008881060981519178
atcnet,46,1,temporal_conv_nets.0,0.02757692554300189,0.2415399309420573
atcnet,46,1,temporal_conv_nets.4,0.021332425378422244,0.2791658558090661
atcnet,46,2,attention_blocks.0,0.010233998028924456,0.15060412285809555
atcnet,46,2,attention_blocks.4,0.0127053283240897,0.16992243642465904
atcnet,46,2,conv_block,0.010995180900023405,0.10094915420670345
atcnet,46,2,final_layer.4,0.0008399397633742976,0.01654580179341831
atcnet,46,2,logits,0.00035673884654607716,0.008729060069412533
atcnet,46,2,temporal_conv_nets.0,0.014627909368092332,0.17951503539317365
atcnet,46,2,temporal_conv_nets.4,0.016020359835829334,0.23277424711158157
atcnet,46,5,attention_blocks.0,0.010287273396852151,0.12077475196586115
atcnet,46,5,attention_blocks.4,0.008758471726450416,0.10746444413593842
atcnet,46,5,conv_block,0.009908499442128139,0.09376412147776624
atcnet,46,5,final_layer.4,0.0010987008852863104,0.009627052663521127
atcnet,46,5,logits,0.0004182136008619067,0.004929563557595307
atcnet,46,5,temporal_conv_nets.0,0.017237905404012432,0.1512585351789112
atcnet,46,5,temporal_conv_nets.4,0.010007261630905614,0.14365556748123018
atcnet,46,10,attention_blocks.0,0.018696589491120817,0.2097303289882297
atcnet,46,10,attention_blocks.4,0.013422666770188087,0.1767469288000933
atcnet,46,10,conv_block,0.017606869598285824,0.14915866730354768
atcnet,46,10,final_layer.4,0.0016241942621766923,0.01948067915725038
atcnet,46,10,logits,0.000711890598217709,0.013818634214998186
atcnet,46,10,temporal_conv_nets.0,0.03029656617204302,0.3163504838302825
atcnet,46,10,temporal_conv_nets.4,0.014238265100802588,0.24140936856756443
atcnet,46,20,attention_blocks.0,0.017669882075395854,0.22228194400441162
atcnet,46,20,attention_blocks.4,0.010728461994173289,0.19206260499276484
atcnet,46,20,conv_block,0.017117324325016763,0.16682954722991455
atcnet,46,20,final_layer.4,0.001762106381073393,0.037500383373055675
atcnet,46,20,logits,0.0006551532997802623,0.038721097131623444
atcnet,46,20,temporal_conv_nets.0,0.02560518776999214,0.36459257867382827
atcnet,46,20,temporal_conv_nets.4,0.01049642964652203,0.340491387300519
eegconformer,41,0,fc,0.0004188035204578155,0.007236937837825344
eegconformer,41,0,logits,9.375349746303013e-05,0.0018818721994714837
eegconformer,41,0,patch_embedding,0.0037762739020399615,0.02788169541622272
eegconformer,41,0,transformer.0,0.005389311745765773,0.07361744582385743
eegconformer,41,0,transformer.2,0.00773720417810935,0.12064526611401014
eegconformer,41,0,transformer.5,0.011547431896360337,0.1893120656321155
eegconformer,41,1,fc,0.00010871713935740568,0.004418827454341108
eegconformer,41,1,logits,9.010854275380667e-06,0.0008034039336745472
eegconformer,41,1,patch_embedding,0.0022996278597985954,0.020100057795505985
eegconformer,41,1,transformer.0,0.002745362737605402,0.04344275991463412
eegconformer,41,1,transformer.2,0.003058940926691752,0.06275038697495419
eegconformer,41,1,transformer.5,0.00347124230521928,0.07457915572755014
eegconformer,41,2,fc,0.00013877942620856224,0.0025940522869945023
eegconformer,41,2,logits,2.9164008926666414e-05,0.00042305529011581465
eegconformer,41,2,patch_embedding,0.0019881785859353187,0.017876918237213418
eegconformer,41,2,transformer.0,0.0023944877039584057,0.03360780857929116
eegconformer,41,2,transformer.2,0.0027717448403441003,0.052620214793029724
eegconformer,41,2,transformer.5,0.0029280825115319538,0.052195369263521724
eegconformer,41,5,fc,0.0001679533206094268,0.0052828160164828525
eegconformer,41,5,logits,1.950837037650448e-05,0.00034547233044987015
eegconformer,41,5,patch_embedding,0.0022064787533915076,0.022326329964112518
eegconformer,41,5,transformer.0,0.0028062748528766062,0.052852731658520724
eegconformer,41,5,transformer.2,0.0032320076835027044,0.07863168590479022
eegconformer,41,5,transformer.5,0.003363405209194159,0.07898951908633654
eegconformer,41,10,fc,0.001628273815935716,0.04343629129298438
eegconformer,41,10,logits,0.0002636392192217609,0.005975560272426638
eegconformer,41,10,patch_embedding,0.003560184268748196,0.03641560086571635
eegconformer,41,10,transformer.0,0.0059109139674769825,0.15414072162386264
eegconformer,41,10,transformer.2,0.008459675526770495,0.28749010809912634
eegconformer,41,10,transformer.5,0.008525937949386385,0.2722976379985949
eegconformer,41,20,fc,0.0024753436446974778,0.32679108428674786
eegconformer,41,20,logits,0.0003492422505022194,0.030639946766523117
eegconformer,41,20,patch_embedding,0.004797915784178123,0.04004841638251465
eegconformer,41,20,transformer.0,0.010761181832797595,0.43941431193524644
eegconformer,41,20,transformer.2,0.019393872525916116,1.0977415694283983
eegconformer,41,20,transformer.5,0.019621939826031897,1.0299086816666678
eegconformer,42,0,fc,0.0002910509090137973,0.004240773817005373
eegconformer,42,0,logits,4.938795221967626e-05,0.0004739246582540701
eegconformer,42,0,patch_embedding,0.0040027200104023235,0.02600471416128253
eegconformer,42,0,transformer.0,0.004883794230200507,0.06383997431255806
eegconformer,42,0,transformer.2,0.0064139055178820265,0.10071070283052655
eegconformer,42,0,transformer.5,0.007176272652014364,0.10571146586397148
eegconformer,42,1,fc,4.1336261630719556e-05,0.0022401367447369364
eegconformer,42,1,logits,4.342148257878151e-06,0.0004735522851682833
eegconformer,42,1,patch_embedding,0.0019248040645378742,0.017349292097901994
eegconformer,42,1,transformer.0,0.002360492154236589,0.038301037601934027
eegconformer,42,1,transformer.2,0.0024016647269534635,0.046980884014459684
eegconformer,42,1,transformer.5,0.002462484900158196,0.050234334807189245
eegconformer,42,2,fc,4.6459832463967006e-05,0.0008930581491222309
eegconformer,42,2,logits,7.289638308739247e-06,0.00010988111946671296
eegconformer,42,2,patch_embedding,0.0018591439804429037,0.016554389757759268
eegconformer,42,2,transformer.0,0.002195545363011217,0.035450455342521336
eegconformer,42,2,transformer.2,0.0022166329996051357,0.04185076766731932
eegconformer,42,2,transformer.5,0.002145505909795026,0.045825564769592125
eegconformer,42,5,fc,3.773586018660682e-05,0.0020987953356851876
eegconformer,42,5,logits,1.8225771011615582e-06,0.0001708899749567898
eegconformer,42,5,patch_embedding,0.0015944860208923063,0.014509649837901427
eegconformer,42,5,transformer.0,0.0020427322949269173,0.043689991108624815
eegconformer,42,5,transformer.2,0.0021493352946363783,0.054899109996698184
eegconformer,42,5,transformer.5,0.002051912575304576,0.062360255992434124
eegconformer,42,10,fc,0.0007586097597866774,0.04278623546976418
eegconformer,42,10,logits,6.5001003590072e-05,0.005921532407636996
eegconformer,42,10,patch_embedding,0.0031453309052800714,0.02547218080762815
eegconformer,42,10,transformer.0,0.005286771245229996,0.17613269350656224
eegconformer,42,10,transformer.2,0.007007848366896644,0.264998771621202
eegconformer,42,10,transformer.5,0.007550825276837204,0.2511060298996964
eegconformer,42,20,fc,0.013131168393943054,0.8184233810616283
eegconformer,42,20,logits,0.0017371863223666771,0.11302939331778954
eegconformer,42,20,patch_embedding,0.006268719392187981,0.1016820965080373
eegconformer,42,20,transformer.0,0.020504080708036013,1.0022256461095393
eegconformer,42,20,transformer.2,0.024110305879761443,1.2510544726713801
eegconformer,42,20,transformer.5,0.02398327061378842,1.2666400886840363
eegconformer,43,0,fc,0.0002979089552171752,0.005657463445195382
eegconformer,43,0,logits,3.5882315812044e-05,0.0011515853340188648
eegconformer,43,0,patch_embedding,0.003558505190867408,0.0275740055359151
eegconformer,43,0,transformer.0,0.00496626190259847,0.07038581940397745
eegconformer,43,0,transformer.2,0.006562794794550609,0.10131892057959632
eegconformer,43,0,transformer.5,0.007757398700498891,0.14715270392026478
eegconformer,43,1,fc,7.586530326766422e-05,0.002570105160321078
eegconformer,43,1,logits,1.1457830259716733e-05,0.00034035706118878956
eegconformer,43,1,patch_embedding,0.0017483305609768596,0.014569358768803725
eegconformer,43,1,transformer.0,0.0022638428949052227,0.02916568841609246
eegconformer,43,1,transformer.2,0.002619681913590728,0.043423394955509176
eegconformer,43,1,transformer.5,0.002828488055984297,0.06223028674966135
eegconformer,43,2,fc,0.0002992064432888096,0.008932705459002717
eegconformer,43,2,logits,6.326485719166561e-05,0.001767883202305627
eegconformer,43,2,patch_embedding,0.001688117473500337,0.014546600226135891
eegconformer,43,2,transformer.0,0.0023545254072944704,0.03159335097703625
eegconformer,43,2,transformer.2,0.0030468297373447387,0.05169969197221998
eegconformer,43,2,transformer.5,0.0032342771923196153,0.07300727795282821
eegconformer,43,5,fc,0.00022386677182909914,0.005759639788218472
eegconformer,43,5,logits,3.2735107505065584e-05,0.0006879714328812911
eegconformer,43,5,patch_embedding,0.0017065674903851697,0.01484850943254944
eegconformer,43,5,transformer.0,0.002380852337864072,0.03786655689047434
eegconformer,43,5,transformer.2,0.0028638731145578422,0.05213656472956581
eegconformer,43,5,transformer.5,0.003066101210031785,0.05789857420842609
eegconformer,43,10,fc,0.0021187216613885664,0.05734428944185071
eegconformer,43,10,logits,0.00012320768322635284,0.004764431891193146
eegconformer,43,10,patch_embedding,0.003070665471094409,0.02739311688925159
eegconformer,43,10,transformer.0,0.005711598497544237,0.12388579547116986
eegconformer,43,10,transformer.2,0.008260448080598063,0.18838016190057838
eegconformer,43,10,transformer.5,0.008603957346513072,0.19460458760797128
eegconformer,43,20,fc,0.001340568365442105,0.08142357277073646
eegconformer,43,20,logits,9.315849411474858e-05,0.005274987477331468
eegconformer,43,20,patch_embedding,0.003800801720288017,0.03361918484700249
eegconformer,43,20,transformer.0,0.005262598659791967,0.1481431907513609
eegconformer,43,20,transformer.2,0.005670977611303316,0.2075030480633937
eegconformer,43,20,transformer.5,0.005430876932486681,0.19743498219751848
eegconformer,44,0,fc,0.00017874175590161284,0.003338538161048077
eegconformer,44,0,logits,6.675005053845406e-06,0.0003086287018508301
eegconformer,44,0,patch_embedding,0.0034507591944281197,0.026197890566341964
eegconformer,44,0,transformer.0,0.004054101779449489,0.04931842669180521
eegconformer,44,0,transformer.2,0.005413262346231808,0.08157314996241624
eegconformer,44,0,transformer.5,0.006268172323093483,0.09414609681485583
eegconformer,44,1,fc,0.00044246171610416116,0.009477642175241694
eegconformer,44,1,logits,0.00011068798788086323,0.0021485214034870116
eegconformer,44,1,patch_embedding,0.002197000205700606,0.016514997914784946
eegconformer,44,1,transformer.0,0.0028571529343324495,0.040236471090374856
eegconformer,44,1,transformer.2,0.0037870135149071357,0.08058008102670955
eegconformer,44,1,transformer.5,0.004632456250958442,0.10221525218017437
eegconformer,44,2,fc,0.00013300298207690267,0.003998518749080825
eegconformer,44,2,logits,2.203326025450122e-05,0.0003651397950999776
eegconformer,44,2,patch_embedding,0.0018723088633748892,0.014628512405645794
eegconformer,44,2,transformer.0,0.0022083167897452324,0.03244115903045787
eegconformer,44,2,transformer.2,0.0025424537525315124,0.04933444206693934
eegconformer,44,2,transformer.5,0.0029521329551098234,0.06801802835188525
eegconformer,44,5,fc,6.497841636997807e-05,0.002847879664110136
eegconformer,44,5,logits,2.666860365092253e-06,0.00019223209500085486
eegconformer,44,5,patch_embedding,0.001855047145985544,0.013711646251007396
eegconformer,44,5,transformer.0,0.0022834724754765526,0.0343006735190972
eegconformer,44,5,transformer.2,0.0028446027568416916,0.04515304504106902
eegconformer,44,5,transformer.5,0.0029841011228759137,0.04523886483556378
eegconformer,44,10,fc,0.00036699112227980883,0.027926962188807667
eegconformer,44,10,logits,2.6776065056455468e-05,0.0019880054293222793
eegconformer,44,10,patch_embedding,0.002815545492627001,0.02215172939116788
eegconformer,44,10,transformer.0,0.004342880374687679,0.09069294230755075
eegconformer,44,10,transformer.2,0.005448665756218092,0.15004847892329815
eegconformer,44,10,transformer.5,0.0051290178636831385,0.13614631117700737
eegconformer,44,20,fc,0.004181692987044849,0.22553469820720223
eegconformer,44,20,logits,0.0003690051786388568,0.025245584278002775
eegconformer,44,20,patch_embedding,0.0045185248821924305,0.046147788208455005
eegconformer,44,20,transformer.0,0.015669960773772244,0.5702394433841655
eegconformer,44,20,transformer.2,0.021386475855372702,0.8765409232915686
eegconformer,44,20,transformer.5,0.020986523124553968,0.7708564922761727
eegconformer,45,0,fc,0.00021852923766732028,0.004241112767384994
eegconformer,45,0,logits,2.4957607307500077e-05,0.0013844645703021373
eegconformer,45,0,patch_embedding,0.0031061624175001603,0.025929667904692193
eegconformer,45,0,transformer.0,0.004007340275075363,0.07870810972778668
eegconformer,45,0,transformer.2,0.005046908399527025,0.09301535827573999
eegconformer,45,0,transformer.5,0.0063634810451439,0.12890616388456966
eegconformer,45,1,fc,8.074356409997413e-05,0.0027105028252867496
eegconformer,45,1,logits,1.0217221073767778e-05,0.0002788813541405922
eegconformer,45,1,patch_embedding,0.0015844264326364376,0.012120230039433647
eegconformer,45,1,transformer.0,0.0018624705934838432,0.026125507088557983
eegconformer,45,1,transformer.2,0.002421320305622984,0.039262120666777436
eegconformer,45,1,transformer.5,0.002708777301203807,0.04937246020528832
eegconformer,45,2,fc,0.0001564877177389907,0.004694423744295054
eegconformer,45,2,logits,2.507617063939656e-05,0.0009410973572442679
eegconformer,45,2,patch_embedding,0.0014125620558389515,0.011656322434037823
eegconformer,45,2,transformer.0,0.0016880068020984622,0.02625581156351385
eegconformer,45,2,transformer.2,0.0022941479863146834,0.04140439873386654
eegconformer,45,2,transformer.5,0.00260459826730207,0.05088652434715057
eegconformer,45,5,fc,7.301172537286911e-05,0.0015513819873245447
eegconformer,45,5,logits,4.1990615603830915e-06,0.0002342505708662091
eegconformer,45,5,patch_embedding,0.0015202542645275012,0.013037734841715939
eegconformer,45,5,transformer.0,0.0018641822778764248,0.028424809352090262
eegconformer,45,5,transformer.2,0.002307221355234821,0.031561443139258225
eegconformer,45,5,transformer.5,0.0025461796525952244,0.03490848585196053
eegconformer,45,10,fc,0.00028019680726325757,0.0070523348115868545
eegconformer,45,10,logits,1.987603215072622e-05,0.0005698935329546779
eegconformer,45,10,patch_embedding,0.0016131155416083112,0.01347042995821636
eegconformer,45,10,transformer.0,0.002151984975373958,0.03301953569327677
eegconformer,45,10,transformer.2,0.0027124632003667553,0.04584986780714001
eegconformer,45,10,transformer.5,0.0029525854643634767,0.05053797410913639
eegconformer,45,20,fc,0.0007684934425010679,0.018772030391111687
eegconformer,45,20,logits,8.115189487190245e-05,0.0018023099896477398
eegconformer,45,20,patch_embedding,0.002668047124695297,0.020780017213284298
eegconformer,45,20,transformer.0,0.004144936495008474,0.06615934634876103
eegconformer,45,20,transformer.2,0.005462258793455503,0.08814095784274299
eegconformer,45,20,transformer.5,0.006147292772401294,0.08246695341535742
eegconformer,46,0,fc,0.0001706433040266364,0.0025315005877753404
eegconformer,46,0,logits,4.016847569386183e-05,0.0005325929217754583
eegconformer,46,0,patch_embedding,0.0038002825197655217,0.026081056907954148
eegconformer,46,0,transformer.0,0.0048698136955256915,0.05428050783965037
eegconformer,46,0,transformer.2,0.00565572263153934,0.07117721442721765
eegconformer,46,0,transformer.5,0.00632845263361706,0.09321239023423802
eegconformer,46,1,fc,0.00011318612578613823,0.0011459665533188348
eegconformer,46,1,logits,2.5111657725292406e-05,0.00015216498586398739
eegconformer,46,1,patch_embedding,0.00259598148944194,0.018636303871773372
eegconformer,46,1,transformer.0,0.0030396580448743085,0.039460198871240755
eegconformer,46,1,transformer.2,0.003126444656511804,0.04167560060885368
eegconformer,46,1,transformer.5,0.0035202806468047462,0.043878387580567196
eegconformer,46,2,fc,0.00024129797714152556,0.003528529663243825
eegconformer,46,2,logits,4.215703776159078e-05,0.000688844239387014
eegconformer,46,2,patch_embedding,0.002681585155944245,0.019876372739615664
eegconformer,46,2,transformer.0,0.0034211754785360127,0.04256109628789954
eegconformer,46,2,transformer.2,0.004177073147002597,0.05114810790737125
eegconformer,46,2,transformer.5,0.004695904073854389,0.06406448487934427
eegconformer,46,5,fc,0.0002601117281355154,0.0027479199597812724
eegconformer,46,5,logits,3.8082202391689114e-05,0.0003898658767146079
eegconformer,46,5,patch_embedding,0.002387917602699938,0.01747557377429627
eegconformer,46,5,transformer.0,0.0029901319378533658,0.03472857110209621
eegconformer,46,5,transformer.2,0.003410710306634207,0.0412934140177825
eegconformer,46,5,transformer.5,0.003654352598316983,0.04273256269958638
eegconformer,46,10,fc,0.0037517502738669177,0.050834159384458996
eegconformer,46,10,logits,0.0007278990572718528,0.008603335159767802
eegconformer,46,10,patch_embedding,0.0031183553303740486,0.026657814762478534
eegconformer,46,10,transformer.0,0.006537626759510706,0.1130783455843905
eegconformer,46,10,transformer.2,0.01549491587164461,0.28693085791983214
eegconformer,46,10,transformer.5,0.01715770050864519,0.2990690870964765
eegconformer,46,20,fc,0.015988233507971208,0.53050744143169
eegconformer,46,20,logits,0.0018589305595479845,0.05440692404978017
eegconformer,46,20,patch_embedding,0.004810279108351542,0.0555880493642269
eegconformer,46,20,transformer.0,0.018050866258024743,0.6662086715303543
eegconformer,46,20,transformer.2,0.032837071005499346,1.1204159285061701
eegconformer,46,20,transformer.5,0.030445327380280156,1.0641568247588227
eegnet,41,0,bnorm_1,0.4408897206989872,2.621685584853833
eegnet,41,0,bnorm_2,0.03857566636220328,0.1791340568990863
eegnet,41,0,conv_separable_depth,0.06173282374216687,0.30156070423271153
eegnet,41,0,conv_spatial,0.43890120507455466,2.6098611697083633
eegnet,41,0,conv_temporal,7.301081689733998,41.84258174614459
eegnet,41,0,logits,7.53483087785057e-05,0.00038857166233816526
eegnet,41,0,pool_2,0.0016759000518816731,0.007492932135849768
eegnet,41,1,bnorm_1,0.8278669105850334,4.747875431982248
eegnet,41,1,bnorm_2,0.08344171371620376,0.4054698723493009
eegnet,41,1,conv_separable_depth,0.10592554642271815,0.5465700159349712
eegnet,41,1,conv_spatial,0.6692881296402631,3.804900544230765
eegnet,41,1,conv_temporal,7.867507769683827,43.4329731610413
eegnet,41,1,logits,0.00014391313298081667,0.0008106899300850353
eegnet,41,1,pool_2,0.0033716771588439354,0.01583231176517915
eegnet,41,2,bnorm_1,1.2346297785181377,6.984412002740447
eegnet,41,2,bnorm_2,0.14748934041633466,0.7363768159435189
eegnet,41,2,conv_separable_depth,0.15081171703147536,0.8001282100004148
eegnet,41,2,conv_spatial,0.8391414828083467,4.708702132894849
eegnet,41,2,conv_temporal,7.996466040742763,43.513543007866325
eegnet,41,2,logits,9.691176897738467e-05,0.001527421814297683
eegnet,41,2,pool_2,0.006089194999255976,0.029326273384132982
eegnet,41,5,bnorm_1,2.2432584163621905,13.69567345797282
eegnet,41,5,bnorm_2,0.4977413224743505,2.5447532184731108
eegnet,41,5,conv_separable_depth,0.3007741956674642,1.6082319533305813
eegnet,41,5,conv_spatial,1.0907302164447372,6.397717443524247
eegnet,41,5,conv_temporal,7.750974875974691,43.58798487433509
eegnet,41,5,logits,0.0007362113030396734,0.01740619877666073
eegnet,41,5,pool_2,0.02023218330829932,0.1425799627987899
eegnet,41,10,bnorm_1,2.8247145760747574,15.692772057778814
eegnet,41,10,bnorm_2,0.8593860203472696,4.600905529227555
eegnet,41,10,conv_separable_depth,0.3760173858236572,2.0210976730638124
eegnet,41,10,conv_spatial,1.1128289987264384,6.547035694823452
eegnet,41,10,conv_temporal,8.016457512271998,44.580978793326324
eegnet,41,10,logits,0.005345780621244918,0.0662037450847226
eegnet,41,10,pool_2,0.04913812753895881,0.43672464768073377
eegnet,41,20,bnorm_1,3.5170507737851904,16.96824366771515
eegnet,41,20,bnorm_2,1.287647982228949,5.431941724064672
eegnet,41,20,conv_separable_depth,0.5509022035160452,2.3898725213033405
eegnet,41,20,conv_spatial,1.274496488923064,6.598697817888219
eegnet,41,20,conv_temporal,8.952651956655735,47.76362040732711
eegnet,41,20,logits,0.00459877573476325,0.1026655262746942
eegnet,41,20,pool_2,0.0827795016919168,0.5823090897975168
eegnet,42,0,bnorm_1,0.5373817707621428,2.9523641781807983
eegnet,42,0,bnorm_2,0.043652592030520146,0.20560212769873001
eegnet,42,0,conv_separable_depth,0.07479835493116303,0.3466884604537822
eegnet,42,0,conv_spatial,0.5349580533916602,2.939048325785732
eegnet,42,0,conv_temporal,7.916394536101528,45.52092725921873
eegnet,42,0,logits,7.23929105652357e-05,0.0003755079684838814
eegnet,42,0,pool_2,0.001769345538700477,0.007610712778822937
eegnet,42,1,bnorm_1,0.9064542542473387,4.814422548896894
eegnet,42,1,bnorm_2,0.07690668416008645,0.3944125281591344
eegnet,42,1,conv_separable_depth,0.10473704796194663,0.537355466302819
eegnet,42,1,conv_spatial,0.7308831626733381,3.907983243675259
eegnet,42,1,conv_temporal,8.24143292111407,46.243600731526065
eegnet,42,1,logits,0.00014058526378571857,0.0006448412800151841
eegnet,42,1,pool_2,0.003124577419841203,0.015017056954386342
eegnet,42,2,bnorm_1,1.3044708674868832,6.535537633980381
eegnet,42,2,bnorm_2,0.12848399610333958,0.6486958501480539
eegnet,42,2,conv_separable_depth,0.13948195800199467,0.7235309666557821
eegnet,42,2,conv_spatial,0.8865488283114797,4.489180798794546
eegnet,42,2,conv_temporal,8.404702843156832,46.821146543463264
eegnet,42,2,logits,0.00023724147190196972,0.0011791383794944191
eegnet,42,2,pool_2,0.005386689338444591,0.026358735295601846
eegnet,42,5,bnorm_1,2.210556327856796,11.120144052918906
eegnet,42,5,bnorm_2,0.3660973748748565,1.788551843514617
eegnet,42,5,conv_separable_depth,0.23051615988884255,1.137380151704341
eegnet,42,5,conv_spatial,1.0579915712122796,5.53272009308014
eegnet,42,5,conv_temporal,8.457189594159924,47.00468833134157
eegnet,42,5,logits,0.0006445889367066793,0.005455334181346293
eegnet,42,5,pool_2,0.016630544024389973,0.08846492390507688
eegnet,42,10,bnorm_1,2.800801670568739,14.458382424018442
eegnet,42,10,bnorm_2,0.7660690678470334,3.738893559120706
eegnet,42,10,conv_separable_depth,0.31490225335898364,1.5152947389593703
eegnet,42,10,conv_spatial,1.1569767338009718,5.727058468019559
eegnet,42,10,conv_temporal,8.356579743467428,47.59692900900409
eegnet,42,10,logits,0.003524411738611691,0.03507459274469493
eegnet,42,10,pool_2,0.041837498992295684,0.4090567517783835
eegnet,42,20,bnorm_1,4.313375341071695,17.945517465869184
eegnet,42,20,bnorm_2,1.1492937646736388,5.677129299933128
eegnet,42,20,conv_separable_depth,0.460525327075624,2.2576163482819753
eegnet,42,20,conv_spatial,1.6289198330790464,6.503747523737056
eegnet,42,20,conv_temporal,8.526445490334815,48.9239451398159
eegnet,42,20,logits,0.006706436496609537,0.07698521890158415
eegnet,42,20,pool_2,0.08002941112293971,0.6645278159017065
eegnet,43,0,bnorm_1,0.45710299724581194,2.648988366021479
eegnet,43,0,bnorm_2,0.03638443661825052,0.1565747224075111
eegnet,43,0,conv_separable_depth,0.057388357471129046,0.28311909070726404
eegnet,43,0,conv_spatial,0.4550413555736701,2.6370408091559385
eegnet,43,0,conv_temporal,8.187870399067627,44.652121081293934
eegnet,43,0,logits,9.459382172695113e-05,0.0003221155237678288
eegnet,43,0,pool_2,0.0015018024518150587,0.006563750296065474
eegnet,43,1,bnorm_1,0.8215440512801372,4.639466736171534
eegnet,43,1,bnorm_2,0.07435253852500436,0.3331413246530315
eegnet,43,1,conv_separable_depth,0.09394272206502013,0.4947046670528493
eegnet,43,1,conv_spatial,0.6596254401075716,3.7625829666366806
eegnet,43,1,conv_temporal,8.715059659170523,45.60676059974651
eegnet,43,1,logits,0.00019714354613142488,0.0006003471528383554
eegnet,43,1,pool_2,0.0029479007354276335,0.014581106829470513
eegnet,43,2,bnorm_1,1.2407487763400498,6.745281057194281
eegnet,43,2,bnorm_2,0.12938453721481652,0.5982900592130181
eegnet,43,2,conv_separable_depth,0.13135920805339066,0.7018919630884802
eegnet,43,2,conv_spatial,0.834050185484573,4.6170317813120185
eegnet,43,2,conv_temporal,9.031557303907476,45.89106350334387
eegnet,43,2,logits,0.00042297125494054075,0.0011648119095358867
eegnet,43,2,pool_2,0.0053601213454723155,0.02710129543046747
eegnet,43,5,bnorm_1,2.367083223905463,12.239881717562247
eegnet,43,5,bnorm_2,0.40795559745942817,1.825972467182448
eegnet,43,5,conv_separable_depth,0.24304433427197644,1.2496727796401714
eegnet,43,5,conv_spatial,1.1296912004010042,6.305019726950809
eegnet,43,5,conv_temporal,9.22169031214579,46.005669359008465
eegnet,43,5,logits,0.0012824102551997403,0.005786924779274397
eegnet,43,5,pool_2,0.01727278540450284,0.09597144822245102
eegnet,43,10,bnorm_1,3.4998175183583053,18.033472217299842
eegnet,43,10,bnorm_2,0.971351243004225,4.211198786653931
eegnet,43,10,conv_separable_depth,0.4158941508737987,1.9218249399775371
eegnet,43,10,conv_spatial,1.439265159891211,7.507427806206544
eegnet,43,10,conv_temporal,9.19030064876206,46.96756790764831
eegnet,43,10,logits,0.007690431169645311,0.059506525033129226
eegnet,43,10,pool_2,0.06360378827277681,0.6174733413643072
eegnet,43,20,bnorm_1,3.691878054811787,18.5477839258024
eegnet,43,20,bnorm_2,1.0035644511230257,5.3582771263652855
eegnet,43,20,conv_separable_depth,0.5135628652815745,2.714823953199039
eegnet,43,20,conv_spatial,1.7555919313389727,8.680699459761346
eegnet,43,20,conv_temporal,10.042427396958118,49.87577583119856
eegnet,43,20,logits,0.007522436448560074,0.09040614056387308
eegnet,43,20,pool_2,0.07095243644532923,0.6896108470354487
eegnet,44,0,bnorm_1,0.50374916460317,2.805542766704411
eegnet,44,0,bnorm_2,0.0329177072789025,0.18566111957491116
eegnet,44,0,conv_separable_depth,0.05988559323800497,0.3387473348847244
eegnet,44,0,conv_spatial,0.501477138773758,2.79288911242424
eegnet,44,0,conv_temporal,8.772069623621286,43.835115744303934
eegnet,44,0,logits,3.909963342124858e-05,0.0004226734293852326
eegnet,44,0,pool_2,0.0013545590126639567,0.008052848323457745
eegnet,44,1,bnorm_1,0.7747516360496206,4.629173026056833
eegnet,44,1,bnorm_2,0.061025853530836734,0.349553314524518
eegnet,44,1,conv_separable_depth,0.09035772597953745,0.5232461717988025
eegnet,44,1,conv_spatial,0.6282449855027584,3.7884171920114085
eegnet,44,1,conv_temporal,8.756320384433119,43.739977080061664
eegnet,44,1,logits,2.575860388325655e-05,0.0008310764970991308
eegnet,44,1,pool_2,0.002267632085659878,0.015351859086648857
eegnet,44,2,bnorm_1,1.0123944878368043,6.255143316975343
eegnet,44,2,bnorm_2,0.09930371068255658,0.5928874229171273
eegnet,44,2,conv_separable_depth,0.1184859980759278,0.6998087782842772
eegnet,44,2,conv_spatial,0.6941709182764696,4.332825550331222
eegnet,44,2,conv_temporal,8.637836574275198,43.394049959284324
eegnet,44,2,logits,9.657316022812727e-05,0.0013690331443195394
eegnet,44,2,pool_2,0.0036889775599311518,0.02625637336556632
eegnet,44,5,bnorm_1,1.5189066005772531,9.71799541198849
eegnet,44,5,bnorm_2,0.2536744714596606,1.5405462913288008
eegnet,44,5,conv_separable_depth,0.18164411304300043,1.0918990699924076
eegnet,44,5,conv_spatial,0.789203323869995,5.227925285945796
eegnet,44,5,conv_temporal,8.410211837078569,42.968286461248624
eegnet,44,5,logits,0.0007355948138135039,0.005968319452629874
eegnet,44,5,pool_2,0.010162585997928563,0.07840367891104846
eegnet,44,10,bnorm_1,1.685600593408326,11.682819554921736
eegnet,44,10,bnorm_2,0.6169387405830489,3.992226590234078
eegnet,44,10,conv_separable_depth,0.29253198861311247,1.8995672664572787
eegnet,44,10,conv_spatial,0.7779647801300583,5.523932563105161
eegnet,44,10,conv_temporal,7.838740491070687,43.28175147089938
eegnet,44,10,logits,0.00232265231969383,0.030202277700672547
eegnet,44,10,pool_2,0.03801556256685197,0.32715908482984574
eegnet,44,20,bnorm_1,2.2861159136392115,13.890107726386432
eegnet,44,20,bnorm_2,0.8507448020696186,4.916945834556921
eegnet,44,20,conv_separable_depth,0.3964148579829597,2.375926108481675
eegnet,44,20,conv_spatial,0.8644622631069655,6.110117749814521
eegnet,44,20,conv_temporal,8.2101673369066,46.18329241665617
eegnet,44,20,logits,0.006982073231889876,0.08055462187644136
eegnet,44,20,pool_2,0.06348268790343291,0.4976821750776398
eegnet,45,0,bnorm_1,0.44345662385973955,2.655587511538134
eegnet,45,0,bnorm_2,0.03202297518102652,0.17229675987413867
eegnet,45,0,conv_separable_depth,0.05511894783709927,0.30159757316882196
eegnet,45,0,conv_spatial,0.4414565308350914,2.643610190266487
eegnet,45,0,conv_temporal,7.233589605890838,39.184263238449546
eegnet,45,0,logits,8.09940480371015e-05,0.0003613223639429927
eegnet,45,0,pool_2,0.0013900260018829915,0.007446363042625494
eegnet,45,1,bnorm_1,0.798957409843309,4.61622946421164
eegnet,45,1,bnorm_2,0.06868093811460702,0.36412699269338045
eegnet,45,1,conv_separable_depth,0.09453193550173584,0.5056535061137164
eegnet,45,1,conv_spatial,0.6506945099270015,3.78990577316633
eegnet,45,1,conv_temporal,7.660635500909734,39.74427142843703
eegnet,45,1,logits,0.0001514760580422284,0.0008462288452548115
eegnet,45,1,pool_2,0.0027227072837128193,0.015638732034290743
eegnet,45,2,bnorm_1,1.2043928781458515,6.651034109098086
eegnet,45,2,bnorm_2,0.12364784485220333,0.6554441685552348
eegnet,45,2,conv_separable_depth,0.13873262585579485,0.7510697289543353
eegnet,45,2,conv_spatial,0.8385816715649412,4.663669430307891
eegnet,45,2,conv_temporal,7.739052665366536,39.923343530583445
eegnet,45,2,logits,0.00027112302057144885,0.0016742617391160542
eegnet,45,2,pool_2,0.004734714464236686,0.02936043634630011
eegnet,45,5,bnorm_1,2.04962770613841,11.564373575793013
eegnet,45,5,bnorm_2,0.3644916907266226,1.9709275042070398
eegnet,45,5,conv_separable_depth,0.2369009349417044,1.2814267882090302
eegnet,45,5,conv_spatial,1.0768799771408153,6.070688182859652
eegnet,45,5,conv_temporal,7.995507322675537,40.486137068415545
eegnet,45,5,logits,0.000766714929414905,0.006465242481121059
eegnet,45,5,pool_2,0.013482697655826277,0.10129675280760553
eegnet,45,10,bnorm_1,2.980037818010233,16.537946782929012
eegnet,45,10,bnorm_2,0.7810983300780553,4.593909759922511
eegnet,45,10,conv_separable_depth,0.3378478486956763,1.9867940704222145
eegnet,45,10,conv_spatial,1.1843549718429658,7.086981351579156
eegnet,45,10,conv_temporal,8.5517452527247,43.039088946086586
eegnet,45,10,logits,0.005340662572845344,0.053425236983781293
eegnet,45,10,pool_2,0.03992272294194195,0.5803026965153799
eegnet,45,20,bnorm_1,3.5514466531438997,16.75068981920798
eegnet,45,20,bnorm_2,0.9814259729856971,4.827430814654084
eegnet,45,20,conv_separable_depth,0.416005628134165,2.272662644738582
eegnet,45,20,conv_spatial,1.203475613169832,6.830535988541142
eegnet,45,20,conv_temporal,9.402710139734062,45.41457228773497
eegnet,45,20,logits,0.003968009220342837,0.08424171280207393
eegnet,45,20,pool_2,0.06896505099366404,0.6163094786059495
eegnet,46,0,bnorm_1,0.5118444339720334,2.456970444754372
eegnet,46,0,bnorm_2,0.042610844756285494,0.14533616438986452
eegnet,46,0,conv_separable_depth,0.06697012235608157,0.24490723950910614
eegnet,46,0,conv_spatial,0.5095358955087796,2.445888934114052
eegnet,46,0,conv_temporal,8.045781067605443,41.57282289771503
eegnet,46,0,logits,5.5711304959405475e-05,0.0003240092229354662
eegnet,46,0,pool_2,0.0018403284032821854,0.006419239008478518
eegnet,46,1,bnorm_1,0.9137212904844509,4.1983401219121195
eegnet,46,1,bnorm_2,0.08195452250685686,0.3188044024824924
eegnet,46,1,conv_separable_depth,0.1023267018566559,0.4425060869016173
eegnet,46,1,conv_spatial,0.7331535967700795,3.3811706557384853
eegnet,46,1,conv_temporal,8.503710843627907,42.101498259609016
eegnet,46,1,logits,0.00012785826739422773,0.0006543431530863286
eegnet,46,1,pool_2,0.0036086163573719574,0.013866913215450881
eegnet,46,2,bnorm_1,1.3466066469860827,5.994687618773655
eegnet,46,2,bnorm_2,0.14415934555330978,0.5696704339321426
eegnet,46,2,conv_separable_depth,0.14454308372458102,0.6167099121435025
eegnet,46,2,conv_spatial,0.9093414769765317,4.045054205391696
eegnet,46,2,conv_temporal,8.586103546239322,42.07612957632618
eegnet,46,2,logits,0.00028793921238267045,0.0013342680069384056
eegnet,46,2,pool_2,0.006461642625571938,0.02623439977955313
eegnet,46,5,bnorm_1,2.8339419883567416,13.172867792831852
eegnet,46,5,bnorm_2,0.4590626998668611,1.9973491968140604
eegnet,46,5,conv_separable_depth,0.2749793817713694,1.3073747573571164
eegnet,46,5,conv_spatial,1.3865225198761468,6.312089521469952
eegnet,46,5,conv_temporal,9.0423622818419,42.73573739834103
eegnet,46,5,logits,0.0018664036474829646,0.02499669093079855
eegnet,46,5,pool_2,0.022345549962348107,0.19104391916137298
eegnet,46,10,bnorm_1,4.3553134849248405,19.460154327609963
eegnet,46,10,bnorm_2,1.015748961201471,4.41634752435315
eegnet,46,10,conv_separable_depth,0.4237556634304469,2.0962657974444427
eegnet,46,10,conv_spatial,1.7850488176236208,8.356848207926323
eegnet,46,10,conv_temporal,9.186689056259958,44.30795245106621
eegnet,46,10,logits,0.006033237667664786,0.08042305037233183
eegnet,46,10,pool_2,0.08789175981542427,0.7126982920605232
eegnet,46,20,bnorm_1,4.415281133926165,20.24519890377097
eegnet,46,20,bnorm_2,1.3783341880762203,5.706790874116097
eegnet,46,20,conv_separable_depth,0.6392683617759215,2.6603342431201824
eegnet,46,20,conv_spatial,1.7515641188560591,8.316815649326593
eegnet,46,20,conv_temporal,9.601910982890349,46.75678719537104
eegnet,46,20,logits,0.016710331777157774,0.16021522075107844
eegnet,46,20,pool_2,0.15098013566205173,0.9732854469407691
shallowconvnet,41,0,bnorm,0.9465725234418987,4.727967285321414
shallowconvnet,41,0,conv_nonlin_exp,0.017199799693885843,0.23404909579478886
shallowconvnet,41,0,conv_time_spat,0.9465773195782075,4.727991239710229
shallowconvnet,41,0,logits,7.702198859419647,17.15761985048683
shallowconvnet,41,0,pool,0.001115998217916409,0.0367565864496512
shallowconvnet,41,0,pool_nonlin_exp,125.14017579489088,276.8862263825988
shallowconvnet,41,1,bnorm,3.5905862095834626,22.995941840650573
shallowconvnet,41,1,conv_nonlin_exp,0.3110041764551396,6.248745507340413
shallowconvnet,41,1,conv_time_spat,1.2646640792647896,8.171751281111924
shallowconvnet,41,1,logits,7.909865228251867,17.80226652258888
shallowconvnet,41,1,pool,0.01699117557503478,0.890831500767606
shallowconvnet,41,1,pool_nonlin_exp,82.55717948783779,207.32019125517525
shallowconvnet,41,2,bnorm,3.4998516328891305,23.852237097834312
shallowconvnet,41,2,conv_nonlin_exp,0.26681517607153055,6.570654071549848
shallowconvnet,41,2,conv_time_spat,1.385527813355798,9.432706671311191
shallowconvnet,41,2,logits,7.939348138940967,16.668019238321467
shallowconvnet,41,2,pool,0.01598848947712708,0.9727740826990476
shallowconvnet,41,2,pool_nonlin_exp,109.2977565394269,256.48047084237163
shallowconvnet,41,5,bnorm,4.336405814203585,29.43619700986948
shallowconvnet,41,5,conv_nonlin_exp,0.3427436052245266,10.72999237997957
shallowconvnet,41,5,conv_time_spat,1.667618053651186,11.48186421994493
shallowconvnet,41,5,logits,5.894755467399328,14.739943700156074
shallowconvnet,41,5,pool,0.02567544294964209,1.6589008600923623
shallowconvnet,41,5,pool_nonlin_exp,134.7126646777204,285.72624992781
shallowconvnet,41,10,bnorm,4.998895364217452,34.233215818679376
shallowconvnet,41,10,conv_nonlin_exp,0.49096070374387407,13.973378934460277
shallowconvnet,41,10,conv_time_spat,2.126960689446172,14.57469662015907
shallowconvnet,41,10,logits,3.974038631888851,12.575315813471942
shallowconvnet,41,10,pool,0.0395095038752433,2.1393875433655296
shallowconvnet,41,10,pool_nonlin_exp,95.54343727251013,223.29939756253685
shallowconvnet,41,20,bnorm,5.8169325831128225,37.57810049187143
shallowconvnet,41,20,conv_nonlin_exp,0.8409243728227379,17.65292636016405
shallowconvnet,41,20,conv_time_spat,2.945668199252434,19.64216539078918
shallowconvnet,41,20,logits,10.956108564952187,14.637749805015197
shallowconvnet,41,20,pool,0.05406929537869059,2.7772572198907746
shallowconvnet,41,20,pool_nonlin_exp,80.83069633652195,191.45642366104656
shallowconvnet,42,0,bnorm,0.8239351679019814,4.932719271816767
shallowconvnet,42,0,conv_nonlin_exp,0.011612657671990923,0.2695501324890377
shallowconvnet,42,0,conv_time_spat,0.8239393431585909,4.932744262155951
shallowconvnet,42,0,logits,4.937227928109762,10.773812870683676
shallowconvnet,42,0,pool,0.0009615167069915104,0.04135127501873577
shallowconvnet,42,0,pool_nonlin_exp,109.54102557900902,278.93271974920117
shallowconvnet,42,1,bnorm,3.722395595457503,25.758489083008893
shallowconvnet,42,1,conv_nonlin_exp,0.3011477515581249,7.873209254280155
shallowconvnet,42,1,conv_time_spat,1.2748852714638408,8.854275602919737
shallowconvnet,42,1,logits,1.0682693454098604,4.601121217089049
shallowconvnet,42,1,pool,0.018701834159670878,1.177496811657503
shallowconvnet,42,1,pool_nonlin_exp,47.94601188665582,182.7452556353913
shallowconvnet,42,2,bnorm,4.060284299903837,29.175712336913012
shallowconvnet,42,2,conv_nonlin_exp,0.32691288680816505,11.101778813499806
shallowconvnet,42,2,conv_time_spat,1.4174147845841845,10.197190433000134
shallowconvnet,42,2,logits,2.4545980936849197,4.920136313959814
shallowconvnet,42,2,pool,0.023044144544233505,1.5834144561265204
shallowconvnet,42,2,pool_nonlin_exp,95.3049192625621,237.91245516641106
shallowconvnet,42,5,bnorm,4.744709560059526,34.371382701348026
shallowconvnet,42,5,conv_nonlin_exp,0.4155659674964029,15.42809223517449
shallowconvnet,42,5,conv_time_spat,1.77816646612533,13.030699556169822
shallowconvnet,42,5,logits,5.722792679042421,12.287129583608749
shallowconvnet,42,5,pool,0.03685794404003638,2.3819892336892554
shallowconvnet,42,5,pool_nonlin_exp,107.88749706685236,255.6112639758934
shallowconvnet,42,10,bnorm,5.824877686358587,43.367344306683066
shallowconvnet,42,10,conv_nonlin_exp,0.6926570074166128,21.990486562956335
shallowconvnet,42,10,conv_time_spat,2.163549273640102,16.229935116250385
shallowconvnet,42,10,logits,1.69249221337093,3.255001855285918
shallowconvnet,42,10,pool,0.06218288287191195,3.3839501424834175
shallowconvnet,42,10,pool_nonlin_exp,69.74436665616967,209.11239214681484
shallowconvnet,42,20,bnorm,6.215768352029643,47.93199716203402
shallowconvnet,42,20,conv_nonlin_exp,0.9394817754794844,26.361758601249903
shallowconvnet,42,20,conv_time_spat,2.9907299417599496,23.253610984314022
shallowconvnet,42,20,logits,1.3683995741615271,3.8594013109875824
shallowconvnet,42,20,pool,0.06648482093600445,4.010243419492243
shallowconvnet,42,20,pool_nonlin_exp,64.93527129767273,194.48199451399393
shallowconvnet,43,0,bnorm,0.9408052161519099,4.956715955510464
shallowconvnet,43,0,conv_nonlin_exp,0.018227244514491963,0.2609197417565333
shallowconvnet,43,0,conv_time_spat,0.9408099836309853,4.956741068435624
shallowconvnet,43,0,logits,3.414981185847586,9.180833873348385
shallowconvnet,43,0,pool,0.0011497610645881415,0.03994327661567999
shallowconvnet,43,0,pool_nonlin_exp,120.32595263647809,279.69510039583497
shallowconvnet,43,1,bnorm,3.395186757496695,23.839010525259916
shallowconvnet,43,1,conv_nonlin_exp,0.2291648330725887,6.828976146481541
shallowconvnet,43,1,conv_time_spat,1.2008617694516952,8.48525205471243
shallowconvnet,43,1,logits,6.526984677466789,14.475686326364364
shallowconvnet,43,1,pool,0.015503650505718527,0.9814588726462883
shallowconvnet,43,1,pool_nonlin_exp,87.52059167729979,231.15329572167047
shallowconvnet,43,2,bnorm,3.5912925910415887,26.60588722262284
shallowconvnet,43,2,conv_nonlin_exp,0.38912595701161395,8.979630794823224
shallowconvnet,43,2,conv_time_spat,1.3329923717276984,9.83021908826029
shallowconvnet,43,2,logits,1.0093522254788883,4.599899395938646
shallowconvnet,43,2,pool,0.017855410983629614,1.2651871722899934
shallowconvnet,43,2,pool_nonlin_exp,34.11411783383254,146.95006894011692
shallowconvnet,43,5,bnorm,4.527149646755658,32.51882988882146
shallowconvnet,43,5,conv_nonlin_exp,0.3602232830119858,12.740616698242725
shallowconvnet,43,5,conv_time_spat,1.7038870142622633,12.205332530664526
shallowconvnet,43,5,logits,1.2224723152397612,6.543243133387326
shallowconvnet,43,5,pool,0.030160317165931923,1.9375233683090474
shallowconvnet,43,5,pool_nonlin_exp,78.66477461537539,220.761356901103
shallowconvnet,43,10,bnorm,5.187494396236568,38.90274950917307
shallowconvnet,43,10,conv_nonlin_exp,0.5553826369239413,18.271811274918058
shallowconvnet,43,10,conv_time_spat,2.179538491249435,16.185669443568067
shallowconvnet,43,10,logits,12.107843101062961,17.884800681876094
shallowconvnet,43,10,pool,0.04405796591056132,2.7913571134159048
shallowconvnet,43,10,pool_nonlin_exp,121.72783319390504,256.3346396468522
shallowconvnet,43,20,bnorm,5.841844049554254,43.023823042343366
shallowconvnet,43,20,conv_nonlin_exp,0.8837148599059689,22.29928095814538
shallowconvnet,43,20,conv_time_spat,2.984274357734082,22.05902977435263
shallowconvnet,43,20,logits,7.8444736296962105,13.495968791888643
shallowconvnet,43,20,pool,0.05688556026463361,3.4014381142944505
shallowconvnet,43,20,pool_nonlin_exp,73.00599325914595,186.53797680459948
shallowconvnet,44,0,bnorm,0.8793425611305804,4.396687632850895
shallowconvnet,44,0,conv_nonlin_exp,0.012688163374843816,0.1985127778959812
shallowconvnet,44,0,conv_time_spat,0.8793470162122915,4.396709909283605
shallowconvnet,44,0,logits,4.14828008448234,10.306839724183043
shallowconvnet,44,0,pool,0.0009320394052582002,0.030717667379654062
shallowconvnet,44,0,pool_nonlin_exp,117.49633772800608,271.25329103247134
shallowconvnet,44,1,bnorm,2.7103792839065597,16.5330050280688
shallowconvnet,44,1,conv_nonlin_exp,0.18639968612124608,3.1935851866523546
shallowconvnet,44,1,conv_time_spat,1.056575506070215,6.46583382417907
shallowconvnet,44,1,logits,3.6171911700549786,9.239606836806997
shallowconvnet,44,1,pool,0.009370456532896424,0.47696835748112354
shallowconvnet,44,1,pool_nonlin_exp,73.14001643815273,191.12484671538937
shallowconvnet,44,2,bnorm,2.8128331706446557,17.76078023047453
shallowconvnet,44,2,conv_nonlin_exp,0.23254943873578388,3.7444403883796866
shallowconvnet,44,2,conv_time_spat,1.152745758244249,7.306261640292892
shallowconvnet,44,2,logits,5.0437808427451145,13.148222530571713
shallowconvnet,44,2,pool,0.009907876046886345,0.5468840656522269
shallowconvnet,44,2,pool_nonlin_exp,66.79508972145015,169.90833107360152
shallowconvnet,44,5,bnorm,3.3907109578013253,22.444245808678602
shallowconvnet,44,5,conv_nonlin_exp,0.28827029332230586,6.086205899114388
shallowconvnet,44,5,conv_time_spat,1.4077113359328846,9.400632823701011
shallowconvnet,44,5,logits,4.912605895561621,10.039359013237089
shallowconvnet,44,5,pool,0.015724923959153085,0.9037460654991115
shallowconvnet,44,5,pool_nonlin_exp,108.30189727683305,241.71480602322998
shallowconvnet,44,10,bnorm,3.8983616883445835,26.31145347853501
shallowconvnet,44,10,conv_nonlin_exp,0.3528733000579285,8.633415124977308
shallowconvnet,44,10,conv_time_spat,1.6968200816571706,11.485176488961418
shallowconvnet,44,10,logits,8.207358736384597,14.445738696448538
shallowconvnet,44,10,pool,0.02299079648985316,1.3132549155275886
shallowconvnet,44,10,pool_nonlin_exp,92.57773531250822,216.14289724881013
shallowconvnet,44,20,bnorm,4.669402837364357,32.43410396606588
shallowconvnet,44,20,conv_nonlin_exp,0.6474505477183526,13.538610413755915
shallowconvnet,44,20,conv_time_spat,2.296132558657869,15.627901371964619
shallowconvnet,44,20,logits,5.747762205825926,10.687758014230486
shallowconvnet,44,20,pool,0.03417115918166909,2.0589706252449442
shallowconvnet,44,20,pool_nonlin_exp,83.58424791692897,203.87725103880604
shallowconvnet,45,0,bnorm,0.8456392701443755,4.564186086386698
shallowconvnet,45,0,conv_nonlin_exp,0.015281375818811727,0.2326714088541264
shallowconvnet,45,0,conv_time_spat,0.8456435545903251,4.564209213332197
shallowconvnet,45,0,logits,3.995429314911665,12.19071140586229
shallowconvnet,45,0,pool,0.0011771497061520261,0.035991350162658836
shallowconvnet,45,0,pool_nonlin_exp,109.24689734934853,272.7781976563193
shallowconvnet,45,1,bnorm,4.361588194800376,26.915747046309633
shallowconvnet,45,1,conv_nonlin_exp,0.42553732455789883,8.493385294248487
shallowconvnet,45,1,conv_time_spat,1.3399261653853283,8.31323008147913
shallowconvnet,45,1,logits,3.9109583186359695,5.515980476863467
shallowconvnet,45,1,pool,0.026664950988224478,1.2794746551321898
shallowconvnet,45,1,pool_nonlin_exp,79.9035961465983,195.41407276640348
shallowconvnet,45,2,bnorm,4.684628293927772,29.605751805844086
shallowconvnet,45,2,conv_nonlin_exp,0.44587796350660286,10.226296368779106
shallowconvnet,45,2,conv_time_spat,1.5129252599066403,9.70718801729673
shallowconvnet,45,2,logits,5.670495214140531,10.634426064520957
shallowconvnet,45,2,pool,0.03130156823923564,1.5562028158764836
shallowconvnet,45,2,pool_nonlin_exp,96.9915468875025,232.26250487241458
shallowconvnet,45,5,bnorm,5.347879197660435,34.356263443860456
shallowconvnet,45,5,conv_nonlin_exp,0.49234039920027856,14.292221838073324
shallowconvnet,45,5,conv_time_spat,1.8689145419719506,12.022576606707883
shallowconvnet,45,5,logits,1.1720737832661814,2.965961714638088
shallowconvnet,45,5,pool,0.039750783273773106,2.2109727172241134
shallowconvnet,45,5,pool_nonlin_exp,92.98558562214963,240.1279472864828
shallowconvnet,45,10,bnorm,5.673288372129155,37.6982508170419
shallowconvnet,45,10,conv_nonlin_exp,0.6590315145484503,16.79674955176661
shallowconvnet,45,10,conv_time_spat,2.2901084057277634,14.944919981896103
shallowconvnet,45,10,logits,5.187193275875634,12.208545220527405
shallowconvnet,45,10,pool,0.04555705121841398,2.6019982069599688
shallowconvnet,45,10,pool_nonlin_exp,84.86515989504016,217.83968957376882
shallowconvnet,45,20,bnorm,5.810565223429376,39.336813389892555
shallowconvnet,45,20,conv_nonlin_exp,0.7982732052843013,18.131787047244003
shallowconvnet,45,20,conv_time_spat,2.793294823842853,18.848070353128314
shallowconvnet,45,20,logits,4.6350780827486675,11.00337984123842
shallowconvnet,45,20,pool,0.04696157582846308,2.7011243834668397
shallowconvnet,45,20,pool_nonlin_exp,46.21343936279604,168.81482289680127
shallowconvnet,46,0,bnorm,0.9029260508275224,4.650676879222909
shallowconvnet,46,0,conv_nonlin_exp,0.013593730041163725,0.22879790069169215
shallowconvnet,46,0,conv_time_spat,0.9029306256380554,4.6507004443390105
shallowconvnet,46,0,logits,13.877080094294147,34.43382857562206
shallowconvnet,46,0,pool,0.00110476696279279,0.034685227934747376
shallowconvnet,46,0,pool_nonlin_exp,120.12163613999202,273.8071529642724
shallowconvnet,46,1,bnorm,3.9014662525693855,26.143366588115683
shallowconvnet,46,1,conv_nonlin_exp,0.31035680962401485,7.658877006017375
shallowconvnet,46,1,conv_time_spat,1.3004038541863865,8.901528912641485
shallowconvnet,46,1,logits,7.487219539601635,21.849644532600593
shallowconvnet,46,1,pool,0.01986133717820065,1.1434375116688762
shallowconvnet,46,1,pool_nonlin_exp,93.67762894899667,232.3824987889973
shallowconvnet,46,2,bnorm,4.492617544234627,31.081921811063022
shallowconvnet,46,2,conv_nonlin_exp,0.38966255175790854,10.832209337064047
shallowconvnet,46,2,conv_time_spat,1.4508230241272002,10.265195843132226
shallowconvnet,46,2,logits,8.816780007550475,23.23575013007853
shallowconvnet,46,2,pool,0.027623701526904434,1.606675028738211
shallowconvnet,46,2,pool_nonlin_exp,122.17387265242274,275.63890052473045
shallowconvnet,46,5,bnorm,4.989338169895973,34.880545060811926
shallowconvnet,46,5,conv_nonlin_exp,0.4813860235506451,15.114426129621602
shallowconvnet,46,5,conv_time_spat,1.8764495208453382,13.368088308669126
shallowconvnet,46,5,logits,6.237456588257713,19.90855987756244
shallowconvnet,46,5,pool,0.04082895723343464,2.3209347964790243
shallowconvnet,46,5,pool_nonlin_exp,80.61662855249865,228.0681595957892
shallowconvnet,46,10,bnorm,5.923768663719284,42.90137676350609
shallowconvnet,46,10,conv_nonlin_exp,0.6533850285221212,21.04719275701295
shallowconvnet,46,10,conv_time_spat,2.321907539965985,16.785835422435902
shallowconvnet,46,10,logits,6.664980896129767,19.50580642008552
shallowconvnet,46,10,pool,0.05813193787135124,3.269585564655066
shallowconvnet,46,10,pool_nonlin_exp,87.3074190232506,219.43979881341568
shallowconvnet,46,20,bnorm,6.5996839858973235,45.426419747725944
shallowconvnet,46,20,conv_nonlin_exp,0.8457270596139331,26.013193500451003
shallowconvnet,46,20,conv_time_spat,3.2311116366973778,22.19745319864163
shallowconvnet,46,20,logits,8.178262170903217,21.179791920663753
shallowconvnet,46,20,pool,0.07444866356004741,4.020130313157459
shallowconvnet,46,20,pool_nonlin_exp,94.42555785333903,211.38121004877067
tsception,41,0,batch_spatial_lay,0.04928922917536957,0.41694096558679006
tsception,41,0,batch_temporal_lay,1.2052594925388374,8.07329931052459
tsception,41,0,dense_layer,0.0048668139891308625,0.03885504373710978
tsception,41,0,logits,0.00042024769235716314,0.0022078737683256695
tsception,41,0,spatial_block_1,0.03116036594610608,0.2149576146206058
tsception,41,0,spatial_block_2,0.03550140090419481,0.33957384442143074
tsception,41,0,temporal_blocks.0,0.6648663938131603,4.975988571777576
tsception,41,0,temporal_blocks.2,0.605522126288247,2.7689831470496378
tsception,41,1,batch_spatial_lay,0.2498388818024564,2.3627195144683677
tsception,41,1,batch_temporal_lay,3.669785283154631,25.78672048775762
tsception,41,1,dense_layer,0.015999448007414378,0.19117867322742996
tsception,41,1,logits,0.0018840869091019648,0.016533226511607206
tsception,41,1,spatial_block_1,0.09400166303058881,1.0140005800824627
tsception,41,1,spatial_block_2,0.1152651081615038,0.8231108166333103
tsception,41,1,temporal_blocks.0,0.6735749386186115,5.009280858840748
tsception,41,1,temporal_blocks.2,0.6044005865524753,2.7841033649564704
tsception,41,2,batch_spatial_lay,0.33648797913714384,3.2912317669175217
tsception,41,2,batch_temporal_lay,3.889397433604979,27.224194565150775
tsception,41,2,dense_layer,0.06245055682010525,1.3980205721419177
tsception,41,2,logits,0.004026078831963405,0.2557244444519516
tsception,41,2,spatial_block_1,0.07962048271608714,1.1448638703025025
tsception,41,2,spatial_block_2,0.16893563988205462,1.3202714478039868
tsception,41,2,temporal_blocks.0,0.6704833276329093,4.945435908793213
tsception,41,2,temporal_blocks.2,0.6180560785368494,2.8595490448484018
tsception,41,5,batch_spatial_lay,0.4693200118738302,4.073591417762191
tsception,41,5,batch_temporal_lay,3.684623420251037,25.70883441364011
tsception,41,5,dense_layer,0.0779016157869529,0.9502479332035327
tsception,41,5,logits,0.00882840028709268,0.09155334211975369
tsception,41,5,spatial_block_1,0.12440023724008882,1.7371204245271201
tsception,41,5,spatial_block_2,0.2501972013351988,1.6846212221358452
tsception,41,5,temporal_blocks.0,0.6351236705301976,4.597703732443753
tsception,41,5,temporal_blocks.2,0.6560164177149597,3.082068660658318
tsception,41,10,batch_spatial_lay,0.6264830709797738,5.897641545815116
tsception,41,10,batch_temporal_lay,3.3306417602886835,22.578566392223095
tsception,41,10,dense_layer,0.1580369070640444,1.7825814140493734
tsception,41,10,logits,0.011729606165377418,0.23552225450925993
tsception,41,10,spatial_block_1,0.14895022192700813,2.5320185793707806
tsception,41,10,spatial_block_2,0.2931719053220069,2.2063827528450153
tsception,41,10,temporal_blocks.0,0.647104349632685,4.496765447370012
tsception,41,10,temporal_blocks.2,0.7250235022568418,3.39858118406384
tsception,41,20,batch_spatial_lay,0.8387829966851978,7.611485654491961
tsception,41,20,batch_temporal_lay,3.1336333744151013,20.93777359452479
tsception,41,20,dense_layer,0.3136912228283615,3.1035129442656624
tsception,41,20,logits,0.10926264957780583,0.872747233357709
tsception,41,20,spatial_block_1,0.1699708587222005,3.1888915565409137
tsception,41,20,spatial_block_2,0.38544194582352476,2.5736506475947234
tsception,41,20,temporal_blocks.0,0.5962407030090972,4.171264028099882
tsception,41,20,temporal_blocks.2,0.7278984310482279,3.4457025151041516
tsception,42,0,batch_spatial_lay,0.05913280578311247,0.41856885059067184
tsception,42,0,batch_temporal_lay,1.1527459288323751,8.049808344849072
tsception,42,0,dense_layer,0.005600363248199089,0.035732230935341586
tsception,42,0,logits,0.0002857721322516792,0.002702110925048239
tsception,42,0,spatial_block_1,0.028020896054856734,0.20547776126436695
tsception,42,0,spatial_block_2,0.04900971981496381,0.32894365034532835
tsception,42,0,temporal_blocks.0,0.8042684702329922,5.868056078545996
tsception,42,0,temporal_blocks.2,0.5145605130469514,2.764313324817844
tsception,42,1,batch_spatial_lay,0.38642313315304155,3.695090023063216
tsception,42,1,batch_temporal_lay,3.4399495911413234,25.89669993334541
tsception,42,1,dense_layer,0.011872805800320983,0.38496985985667964
tsception,42,1,logits,0.0008268165150490888,0.032492202667899525
tsception,42,1,spatial_block_1,0.09725178697075738,1.1967469953221697
tsception,42,1,spatial_block_2,0.1308863574454483,0.9371108670055226
tsception,42,1,temporal_blocks.0,0.7256139406468917,5.572386336290128
tsception,42,1,temporal_blocks.2,0.5184059013602299,2.8663055170167766
tsception,42,2,batch_spatial_lay,0.44745808043529195,4.130125246871621
tsception,42,2,batch_temporal_lay,3.5202146750568932,24.870668265470584
tsception,42,2,dense_layer,0.05979325112522538,0.7710234237383443
tsception,42,2,logits,0.005682890764710919,0.09238835122185665
tsception,42,2,spatial_block_1,0.0852933430211295,1.3600962595650032
tsception,42,2,spatial_block_2,0.16149922312187334,1.0471331191862912
tsception,42,2,temporal_blocks.0,0.7728179816755117,5.824642652102622
tsception,42,2,temporal_blocks.2,0.497187265511044,2.611448350974789
tsception,42,5,batch_spatial_lay,0.6373261985765141,5.3044992956483945
tsception,42,5,batch_temporal_lay,3.3800868594162434,23.653827185097093
tsception,42,5,dense_layer,0.08758816584804095,1.1770848829720117
tsception,42,5,logits,0.01310212232131254,0.13395977255004302
tsception,42,5,spatial_block_1,0.16969019290946608,1.8191392102468686
tsception,42,5,spatial_block_2,0.21123060080273623,1.3483631665945173
tsception,42,5,temporal_blocks.0,0.7123460614879049,5.721818727194794
tsception,42,5,temporal_blocks.2,0.5453070452908103,2.934747624436369
tsception,42,10,batch_spatial_lay,0.6608516341998449,6.5953416542174494
tsception,42,10,batch_temporal_lay,2.94960643002809,21.543305263001532
tsception,42,10,dense_layer,0.06896674033014531,0.9397867497275323
tsception,42,10,logits,0.005331690798930906,0.12435006980590962
tsception,42,10,spatial_block_1,0.12759377063165803,2.5421550920111713
tsception,42,10,spatial_block_2,0.24304986564592257,1.5344561821304588
tsception,42,10,temporal_blocks.0,0.6142610272672101,5.3765377100442775
tsception,42,10,temporal_blocks.2,0.6681925538637007,3.8889641639254746
tsception,42,20,batch_spatial_lay,0.77330942416803,7.6075537476685895
tsception,42,20,batch_temporal_lay,2.719653440516611,18.782725422576817
tsception,42,20,dense_layer,0.023224442288212833,1.1124644283596585
tsception,42,20,logits,0.0048379803388570505,0.19985109092693165
tsception,42,20,spatial_block_1,0.17131286276450686,2.7010706262662176
tsception,42,20,spatial_block_2,0.24585794901103014,1.679335181180241
tsception,42,20,temporal_blocks.0,0.6737732095767384,5.424653649541824
tsception,42,20,temporal_blocks.2,0.6635431521509972,3.756689460724404
tsception,43,0,batch_spatial_lay,0.04256423486604965,0.3396177730433453
tsception,43,0,batch_temporal_lay,1.3318580706506786,9.024894052521976
tsception,43,0,dense_layer,0.003977108429895213,0.03062487770922591
tsception,43,0,logits,0.00046585362740606006,0.00318844520353998
tsception,43,0,spatial_block_1,0.02871614113540366,0.20825877982815028
tsception,43,0,spatial_block_2,0.028682950500724648,0.2548475259369575
tsception,43,0,temporal_blocks.0,0.7148530939551685,5.871952321458366
tsception,43,0,temporal_blocks.2,0.726545794533579,3.9184278753320143
tsception,43,1,batch_spatial_lay,0.3431365711735235,2.6885070746387045
tsception,43,1,batch_temporal_lay,3.870922358180456,25.207157699795758
tsception,43,1,dense_layer,0.01979287756374519,0.23134830136209142
tsception,43,1,logits,0.0015333519106859675,0.021752959169870342
tsception,43,1,spatial_block_1,0.1309040712859677,1.0770072505712842
tsception,43,1,spatial_block_2,0.10678991195240173,1.0056010793391719
tsception,43,1,temporal_blocks.0,0.7559924852430329,5.853850088933699
tsception,43,1,temporal_blocks.2,0.7181935719691046,3.901770814130434
tsception,43,2,batch_spatial_lay,0.35207988806283,2.5752417384242383
tsception,43,2,batch_temporal_lay,3.929595202047725,26.31669282265257
tsception,43,2,dense_layer,0.034643739908901544,0.24979157595396118
tsception,43,2,logits,0.0005447191827541829,0.017653138928122314
tsception,43,2,spatial_block_1,0.11324437570305954,0.9243871767975999
tsception,43,2,spatial_block_2,0.08216823127746535,0.7496264742356272
tsception,43,2,temporal_blocks.0,0.677067852478692,5.608274962450791
tsception,43,2,temporal_blocks.2,0.7217911084607436,3.887335383351876
tsception,43,5,batch_spatial_lay,0.5359634184474265,4.872085844952423
tsception,43,5,batch_temporal_lay,3.8850808835101476,25.02786429254583
tsception,43,5,dense_layer,0.08240948627010407,1.2501400778465857
tsception,43,5,logits,0.009289355061695617,0.07010741253754615
tsception,43,5,spatial_block_1,0.1567620207850768,1.6707634431513012
tsception,43,5,spatial_block_2,0.17465048912050934,1.518837833952281
tsception,43,5,temporal_blocks.0,0.606618186198461,5.2611642362358815
tsception,43,5,temporal_blocks.2,0.7357251505493623,3.9589673919471107
tsception,43,10,batch_spatial_lay,0.6766623150031922,6.580816328725273
tsception,43,10,batch_temporal_lay,3.7460710702541675,24.523634345313194
tsception,43,10,dense_layer,0.1524272900993604,2.197440378848498
tsception,43,10,logits,0.025944868233916372,0.48380159996681926
tsception,43,10,spatial_block_1,0.18482328082095412,2.016564448614288
tsception,43,10,spatial_block_2,0.21666963661273053,2.067082441610507
tsception,43,10,temporal_blocks.0,0.5278111584290568,5.0545445741109845
tsception,43,10,temporal_blocks.2,0.7509312700089442,4.155794386623447
tsception,43,20,batch_spatial_lay,0.9516284485205762,8.546671286830307
tsception,43,20,batch_temporal_lay,3.5292396152327896,22.1286921293062
tsception,43,20,dense_layer,0.2976831253136644,3.5595729864768626
tsception,43,20,logits,0.053070222403466684,0.9628334454254939
tsception,43,20,spatial_block_1,0.22139987826634902,2.432839166137313
tsception,43,20,spatial_block_2,0.3183522445588907,2.574879226027535
tsception,43,20,temporal_blocks.0,0.6130667726458345,5.3367313059299555
tsception,43,20,temporal_blocks.2,0.7914786848776215,4.545979010861739
tsception,44,0,batch_spatial_lay,0.04418162148187999,0.3860300380327366
tsception,44,0,batch_temporal_lay,1.1760028158929956,8.058347566461679
tsception,44,0,dense_layer,0.0035464239221216064,0.034945099283249875
tsception,44,0,logits,0.0002110314353148438,0.0024686732686032046
tsception,44,0,spatial_block_1,0.024120417534352803,0.23633795843812053
tsception,44,0,spatial_block_2,0.03456244287917716,0.28082378502227245
tsception,44,0,temporal_blocks.0,0.5783400119575568,4.636537932979627
tsception,44,0,temporal_blocks.2,0.7292638076163434,3.6583056196548798
tsception,44,1,batch_spatial_lay,0.2590601439881349,2.3122737838455416
tsception,44,1,batch_temporal_lay,3.4732040382844156,23.465782141414827
tsception,44,1,dense_layer,0.013568646294559028,0.19009705633640137
tsception,44,1,logits,0.0011378346266363163,0.015062889712692196
tsception,44,1,spatial_block_1,0.0909814742105535,1.0822834994032648
tsception,44,1,spatial_block_2,0.11793063985460475,0.7174139956670295
tsception,44,1,temporal_blocks.0,0.5931982011971387,4.729440179066754
tsception,44,1,temporal_blocks.2,0.7174223257341023,3.5665008863405854
tsception,44,2,batch_spatial_lay,0.3490616760785603,3.5937945937777664
tsception,44,2,batch_temporal_lay,4.183031620499501,27.78987202538812
tsception,44,2,dense_layer,0.03274393561304582,0.7404434352434082
tsception,44,2,logits,0.0018424984566239439,0.03294584500033928
tsception,44,2,spatial_block_1,0.12189972699336948,1.5515458269429923
tsception,44,2,spatial_block_2,0.12704123234842357,0.9949515345543027
tsception,44,2,temporal_blocks.0,0.5775109958504738,4.58576563352095
tsception,44,2,temporal_blocks.2,0.7243357597038094,3.6281307170780575
tsception,44,5,batch_spatial_lay,0.3101806867991643,3.677622025311307
tsception,44,5,batch_temporal_lay,3.872715905429905,25.029722948541455
tsception,44,5,dense_layer,0.06593689812715924,1.1876662841650778
tsception,44,5,logits,0.006812308488151678,0.11724936898722907
tsception,44,5,spatial_block_1,0.1252465711841392,2.1812587042370497
tsception,44,5,spatial_block_2,0.16144394923264097,1.2671429347877292
tsception,44,5,temporal_blocks.0,0.6118026468882117,4.556582267040594
tsception,44,5,temporal_blocks.2,0.7870325202611359,3.999246402762056
tsception,44,10,batch_spatial_lay,0.5044910852803607,5.294781549352444
tsception,44,10,batch_temporal_lay,3.893868105683081,25.132210502153214
tsception,44,10,dense_layer,0.11475249835244264,2.7856123116546954
tsception,44,10,logits,0.01923908918606585,0.3218421355043958
tsception,44,10,spatial_block_1,0.14935727407016447,2.1310634953303786
tsception,44,10,spatial_block_2,0.1999521661461961,1.5183408619538907
tsception,44,10,temporal_blocks.0,0.5550339573341904,4.329024955950398
tsception,44,10,temporal_blocks.2,0.7919774085307166,4.022781366155389
tsception,44,20,batch_spatial_lay,0.6487435246923166,6.3898357653588125
tsception,44,20,batch_temporal_lay,3.2399413021448473,20.03871418833519
tsception,44,20,dense_layer,0.07024137885392984,1.0930869620699295
tsception,44,20,logits,0.005148913023169539,0.23777511437144316
tsception,44,20,spatial_block_1,0.18235435280653559,2.3644510629078423
tsception,44,20,spatial_block_2,0.24887428476695958,1.7435833679553108
tsception,44,20,temporal_blocks.0,0.5783650382147039,4.497050253596828
tsception,44,20,temporal_blocks.2,0.82646477923843,4.142173852381381
tsception,45,0,batch_spatial_lay,0.03819011400198642,0.3701853657332373
tsception,45,0,batch_temporal_lay,1.259708749034398,8.374982788136917
tsception,45,0,dense_layer,0.003166102498889255,0.034383299847038015
tsception,45,0,logits,0.00034779530619797797,0.0031801382012221174
tsception,45,0,spatial_block_1,0.025628146498989892,0.23641897901606734
tsception,45,0,spatial_block_2,0.025831364233435967,0.25066573968442957
tsception,45,0,temporal_blocks.0,0.6148863274482331,4.700352673646624
tsception,45,0,temporal_blocks.2,0.8537029516250756,4.50533816512193
tsception,45,1,batch_spatial_lay,0.160634298019084,2.029172246893644
tsception,45,1,batch_temporal_lay,2.882971367688596,19.780667334125276
tsception,45,1,dense_layer,0.007906256866538197,0.17081673913848705
tsception,45,1,logits,0.001026716769820171,0.014374135796587788
tsception,45,1,spatial_block_1,0.03669001550934315,0.3337750512410661
tsception,45,1,spatial_block_2,0.07921838356740606,0.9636057073119834
tsception,45,1,temporal_blocks.0,0.5777031610577835,4.421246081607936
tsception,45,1,temporal_blocks.2,0.8121762173415826,4.2715433644508005
tsception,45,2,batch_spatial_lay,0.21944143833915333,2.1455867011879697
tsception,45,2,batch_temporal_lay,2.8432333693353264,19.145981497428266
tsception,45,2,dense_layer,0.025383888603127815,0.3762837969687712
tsception,45,2,logits,0.001078704477863342,0.04987119297360116
tsception,45,2,spatial_block_1,0.03801824552583595,0.5007167932599459
tsception,45,2,spatial_block_2,0.09756424326937223,0.941262675179334
tsception,45,2,temporal_blocks.0,0.5990579044799383,4.579650135006938
tsception,45,2,temporal_blocks.2,0.8269653389786257,4.265429271021228
tsception,45,5,batch_spatial_lay,0.2713167360700898,1.9188954059208443
tsception,45,5,batch_temporal_lay,2.4875551928102055,16.84939794416963
tsception,45,5,dense_layer,0.04341297908255755,0.42236827693416207
tsception,45,5,logits,0.004097062199721008,0.046077224545501325
tsception,45,5,spatial_block_1,0.06437840350595,0.6955373087243829
tsception,45,5,spatial_block_2,0.1334852474195524,0.9480380076171947
tsception,45,5,temporal_blocks.0,0.552508589135781,4.209598212772843
tsception,45,5,temporal_blocks.2,0.8118308947635227,3.941498651689509
tsception,45,10,batch_spatial_lay,0.4829246318563225,4.541756343380184
tsception,45,10,batch_temporal_lay,2.613055415486166,17.109615533033594
tsception,45,10,dense_layer,0.12275482361525872,1.1782524476680454
tsception,45,10,logits,0.02382372741214669,0.15601455983761475
tsception,45,10,spatial_block_1,0.10425743777811046,1.7932858604135602
tsception,45,10,spatial_block_2,0.24631630938072357,1.6091230490578576
tsception,45,10,temporal_blocks.0,0.5414420722099503,4.1836673297042255
tsception,45,10,temporal_blocks.2,0.964128327857586,4.737569131677027
tsception,45,20,batch_spatial_lay,0.6053545885791074,5.650643334088205
tsception,45,20,batch_temporal_lay,2.322634242787227,14.824121073153595
tsception,45,20,dense_layer,0.2009480546627509,1.9042764854430754
tsception,45,20,logits,0.019961431227013816,0.26296960693815846
tsception,45,20,spatial_block_1,0.1446055033273155,2.2592758330115803
tsception,45,20,spatial_block_2,0.25823670666620746,1.6566067208614306
tsception,45,20,temporal_blocks.0,0.6193658289986803,4.299365390110024
tsception,45,20,temporal_blocks.2,0.9337087220526805,4.599061462403312
tsception,46,0,batch_spatial_lay,0.0644095295902315,0.31766991656238386
tsception,46,0,batch_temporal_lay,1.4559615879157406,8.827209074362734
tsception,46,0,dense_layer,0.005099121288414529,0.026069005922194285
tsception,46,0,logits,0.0004662670207808868,0.001854986740354787
tsception,46,0,spatial_block_1,0.037650032470571124,0.17549088210697933
tsception,46,0,spatial_block_2,0.04769459833583601,0.23583951846396395
tsception,46,0,temporal_blocks.0,0.7275176876823735,5.306768541949797
tsception,46,0,temporal_blocks.2,1.0422050047739237,4.944918568155665
tsception,46,1,batch_spatial_lay,0.34524151430729144,2.706416813003611
tsception,46,1,batch_temporal_lay,3.4565017464040624,20.26208383316968
tsception,46,1,dense_layer,0.02522877388272048,0.363451171613029
tsception,46,1,logits,0.002254831799336793,0.028195026868569638
tsception,46,1,spatial_block_1,0.07021185264345127,0.9023215070709736
tsception,46,1,spatial_block_2,0.1630055599006809,0.9671630651832768
tsception,46,1,temporal_blocks.0,0.7033711243856257,5.2770827652768535
tsception,46,1,temporal_blocks.2,0.9509462297679191,4.382724543680796
tsception,46,2,batch_spatial_lay,0.4137003769331482,2.7823259549390134
tsception,46,2,batch_temporal_lay,3.729735191781388,21.63610089594073
tsception,46,2,dense_layer,0.057545370719725264,0.9587472000853459
tsception,46,2,logits,0.00998412165296096,0.21750702739355599
tsception,46,2,spatial_block_1,0.10118378368106308,1.2427715663517944
tsception,46,2,spatial_block_2,0.19516034319440406,1.11501247078968
tsception,46,2,temporal_blocks.0,0.6516867376405733,5.023323437399728
tsception,46,2,temporal_blocks.2,0.9895177566648313,4.5711189966205925
tsception,46,5,batch_spatial_lay,0.34289707595068764,2.7862966499796076
tsception,46,5,batch_temporal_lay,3.665191429586892,20.628139943817608
tsception,46,5,dense_layer,0.06542773906287329,0.792564011477537
tsception,46,5,logits,0.008514475183040314,0.10489064894616462
tsception,46,5,spatial_block_1,0.08025661166516991,1.087798472474227
tsception,46,5,spatial_block_2,0.182278691392435,1.1817081666768972
tsception,46,5,temporal_blocks.0,0.6367407551625246,4.983028020314158
tsception,46,5,temporal_blocks.2,1.0242057983138066,4.52368510007264
tsception,46,10,batch_spatial_lay,0.8342910551253178,5.746937991085941
tsception,46,10,batch_temporal_lay,3.465459092849125,18.929048090863134
tsception,46,10,dense_layer,0.20722762931194866,1.9002030288462388
tsception,46,10,logits,0.01484356847655353,0.34658073741011847
tsception,46,10,spatial_block_1,0.18076794731762497,2.221242977198235
tsception,46,10,spatial_block_2,0.3697171495383493,1.9688149575991138
tsception,46,10,temporal_blocks.0,0.5864567117089943,4.497432075503328
tsception,46,10,temporal_blocks.2,0.985844397176345,4.135780406912399
tsception,46,20,batch_spatial_lay,1.2263720596196594,8.229505643863417
tsception,46,20,batch_temporal_lay,3.2739973323454272,17.81283169648826
tsception,46,20,dense_layer,0.16264307668293226,2.1876754608542015
tsception,46,20,logits,0.03645002098256642,0.33540694149870753
tsception,46,20,spatial_block_1,0.30573754419506133,3.0641326391593546
tsception,46,20,spatial_block_2,0.5321567015071004,2.496550353488936
tsception,46,20,temporal_blocks.0,0.6693145386382215,4.887769810757208
tsception,46,20,temporal_blocks.2,1.0190102874013194,4.239659307212437
