scope,dataset,predictor,n_rows,n_run_clusters,estimate,ci_low,ci_high
dataset,bci2a,majority_class,300,30,0.575970695970696,0.45743498168498165,0.6916968864468862
dataset,bci2a,per_dataset_majority,300,30,0.575970695970696,0.45904761904761904,0.692863553113553
dataset,bci2a,taxonomy,300,30,0.8192673992673993,0.7673626373626374,0.8723809523809524
dataset,p300,majority_class,240,24,0.5428571428571428,0.39404761904761904,0.683348214285714
dataset,p300,per_dataset_majority,240,24,0.5428571428571428,0.3952232142857143,0.6857142857142856
dataset,p300,taxonomy,240,24,0.8404761904761905,0.7696279761904762,0.9077380952380952
dataset,seediv,majority_class,300,30,0.6223443223443224,0.500728021978022,0.7407014652014652
dataset,seediv,per_dataset_majority,300,30,0.6223443223443224,0.5011126373626373,0.7388278388278388
dataset,seediv,taxonomy,300,30,0.81003663003663,0.7487545787545787,0.8686840659340659
four_dataset_mean,all,majority_class,840,84,0.5803907203907204,0.5055022893772894,0.653303724053724
four_dataset_mean,all,per_dataset_majority,840,84,0.5803907203907204,0.5045924145299145,0.6532718253968254
four_dataset_mean,all,taxonomy,840,84,0.8232600732600733,0.7884639041514042,0.8570924145299146
four_dataset_paired_difference,all,taxonomy_minus_majority_class,840,84,0.24286935286935288,0.16158638583638582,0.32944413919413895
