dataset,label_mode,arch,seed,epoch,recorded_val_acc,recomputed_val_acc
sleepedf_full,true,eegnet,41,0,0.2215,0.2215
sleepedf_full,true,eegnet,41,1,0.2105,0.2105
sleepedf_full,true,eegnet,41,2,0.3875,0.3875
sleepedf_full,true,eegnet,41,5,0.648,0.648
sleepedf_full,true,eegnet,41,10,0.6565,0.6565
sleepedf_full,true,eegnet,41,20,0.6625,0.6625
sleepedf_full,true,eegnet,42,0,0.199,0.199
sleepedf_full,true,eegnet,42,1,0.2015,0.2015
sleepedf_full,true,eegnet,42,2,0.5165,0.5165
sleepedf_full,true,eegnet,42,5,0.6135,0.6135
sleepedf_full,true,eegnet,42,10,0.618,0.618
sleepedf_full,true,eegnet,42,20,0.6175,0.6175
sleepedf_full,true,eegnet,43,0,0.2135,0.2135
sleepedf_full,true,eegnet,43,1,0.2825,0.2825
sleepedf_full,true,eegnet,43,2,0.4925,0.4925
sleepedf_full,true,eegnet,43,5,0.5975,0.5975
sleepedf_full,true,eegnet,43,10,0.6365,0.6365
sleepedf_full,true,eegnet,43,20,0.639,0.639
sleepedf_full,true,eegnet,44,0,0.177,0.177
sleepedf_full,true,eegnet,44,1,0.2075,0.2075
sleepedf_full,true,eegnet,44,2,0.428,0.428
sleepedf_full,true,eegnet,44,5,0.5525,0.5525
sleepedf_full,true,eegnet,44,10,0.6265,0.6265
sleepedf_full,true,eegnet,44,20,0.6455,0.6455
sleepedf_full,true,eegnet,45,0,0.1995,0.1995
sleepedf_full,true,eegnet,45,1,0.2805,0.2805
sleepedf_full,true,eegnet,45,2,0.5205,0.5205
sleepedf_full,true,eegnet,45,5,0.608,0.608
sleepedf_full,true,eegnet,45,10,0.6135,0.6135
sleepedf_full,true,eegnet,45,20,0.6245,0.6245
sleepedf_full,true,eegnet,46,0,0.198,0.198
sleepedf_full,true,eegnet,46,1,0.266,0.266
sleepedf_full,true,eegnet,46,2,0.489,0.489
sleepedf_full,true,eegnet,46,5,0.6155,0.6155
sleepedf_full,true,eegnet,46,10,0.666,0.666
sleepedf_full,true,eegnet,46,20,0.6665,0.6665
sleepedf_full,true,shallowconvnet,41,0,0.2,0.2
sleepedf_full,true,shallowconvnet,41,1,0.5525,0.5525
sleepedf_full,true,shallowconvnet,41,2,0.5585,0.5585
sleepedf_full,true,shallowconvnet,41,5,0.5455,0.5455
sleepedf_full,true,shallowconvnet,41,10,0.5675,0.5675
sleepedf_full,true,shallowconvnet,41,20,0.601,0.601
sleepedf_full,true,shallowconvnet,42,0,0.204,0.204
sleepedf_full,true,shallowconvnet,42,1,0.548,0.548
sleepedf_full,true,shallowconvnet,42,2,0.557,0.557
sleepedf_full,true,shallowconvnet,42,5,0.5835,0.5835
sleepedf_full,true,shallowconvnet,42,10,0.5645,0.5645
sleepedf_full,true,shallowconvnet,42,20,0.5945,0.5945
sleepedf_full,true,shallowconvnet,43,0,0.2005,0.2005
sleepedf_full,true,shallowconvnet,43,1,0.562,0.562
sleepedf_full,true,shallowconvnet,43,2,0.568,0.568
sleepedf_full,true,shallowconvnet,43,5,0.6285,0.6285
sleepedf_full,true,shallowconvnet,43,10,0.537,0.537
sleepedf_full,true,shallowconvnet,43,20,0.617,0.617
sleepedf_full,true,shallowconvnet,44,0,0.2,0.2
sleepedf_full,true,shallowconvnet,44,1,0.526,0.526
sleepedf_full,true,shallowconvnet,44,2,0.597,0.597
sleepedf_full,true,shallowconvnet,44,5,0.6025,0.6025
sleepedf_full,true,shallowconvnet,44,10,0.5995,0.5995
sleepedf_full,true,shallowconvnet,44,20,0.581,0.581
sleepedf_full,true,shallowconvnet,45,0,0.2005,0.2005
sleepedf_full,true,shallowconvnet,45,1,0.565,0.565
sleepedf_full,true,shallowconvnet,45,2,0.5845,0.5845
sleepedf_full,true,shallowconvnet,45,5,0.573,0.573
sleepedf_full,true,shallowconvnet,45,10,0.582,0.582
sleepedf_full,true,shallowconvnet,45,20,0.6,0.6
sleepedf_full,true,shallowconvnet,46,0,0.199,0.199
sleepedf_full,true,shallowconvnet,46,1,0.5665,0.5665
sleepedf_full,true,shallowconvnet,46,2,0.5875,0.5875
sleepedf_full,true,shallowconvnet,46,5,0.5295,0.5295
sleepedf_full,true,shallowconvnet,46,10,0.5935,0.5935
sleepedf_full,true,shallowconvnet,46,20,0.6145,0.6145
sleepedf_full,true,eegconformer,41,0,0.2,0.2
sleepedf_full,true,eegconformer,41,1,0.5635,0.5635
sleepedf_full,true,eegconformer,41,2,0.611,0.611
sleepedf_full,true,eegconformer,41,5,0.593,0.593
sleepedf_full,true,eegconformer,41,10,0.612,0.612
sleepedf_full,true,eegconformer,41,20,0.6345,0.6345
sleepedf_full,true,eegconformer,42,0,0.211,0.211
sleepedf_full,true,eegconformer,42,1,0.517,0.517
sleepedf_full,true,eegconformer,42,2,0.5395,0.5395
sleepedf_full,true,eegconformer,42,5,0.5675,0.5675
sleepedf_full,true,eegconformer,42,10,0.632,0.632
sleepedf_full,true,eegconformer,42,20,0.6385,0.6385
sleepedf_full,true,eegconformer,43,0,0.1745,0.1745
sleepedf_full,true,eegconformer,43,1,0.586,0.586
sleepedf_full,true,eegconformer,43,2,0.5235,0.5235
sleepedf_full,true,eegconformer,43,5,0.5985,0.5985
sleepedf_full,true,eegconformer,43,10,0.6125,0.6125
sleepedf_full,true,eegconformer,43,20,0.6695,0.6695
sleepedf_full,true,eegconformer,44,0,0.2,0.2
sleepedf_full,true,eegconformer,44,1,0.506,0.506
sleepedf_full,true,eegconformer,44,2,0.5345,0.5345
sleepedf_full,true,eegconformer,44,5,0.591,0.591
sleepedf_full,true,eegconformer,44,10,0.6185,0.6185
sleepedf_full,true,eegconformer,44,20,0.654,0.654
sleepedf_full,true,eegconformer,45,0,0.217,0.217
sleepedf_full,true,eegconformer,45,1,0.5715,0.5715
sleepedf_full,true,eegconformer,45,2,0.536,0.536
sleepedf_full,true,eegconformer,45,5,0.543,0.543
sleepedf_full,true,eegconformer,45,10,0.595,0.595
sleepedf_full,true,eegconformer,45,20,0.6055,0.6055
sleepedf_full,true,eegconformer,46,0,0.2,0.2
sleepedf_full,true,eegconformer,46,1,0.5665,0.5665
sleepedf_full,true,eegconformer,46,2,0.619,0.619
sleepedf_full,true,eegconformer,46,5,0.639,0.639
sleepedf_full,true,eegconformer,46,10,0.6235,0.6235
sleepedf_full,true,eegconformer,46,20,0.6575,0.6575
sleepedf_full,true,tsception,41,0,0.202,0.202
sleepedf_full,true,tsception,41,1,0.6185,0.6185
sleepedf_full,true,tsception,41,2,0.6375,0.6375
sleepedf_full,true,tsception,41,5,0.5735,0.5735
sleepedf_full,true,tsception,41,10,0.5845,0.5845
sleepedf_full,true,tsception,41,20,0.593,0.593
sleepedf_full,true,tsception,42,0,0.2045,0.2045
sleepedf_full,true,tsception,42,1,0.5375,0.5375
sleepedf_full,true,tsception,42,2,0.5905,0.5905
sleepedf_full,true,tsception,42,5,0.6075,0.6075
sleepedf_full,true,tsception,42,10,0.5755,0.5755
sleepedf_full,true,tsception,42,20,0.619,0.619
sleepedf_full,true,tsception,43,0,0.197,0.197
sleepedf_full,true,tsception,43,1,0.5815,0.5815
sleepedf_full,true,tsception,43,2,0.613,0.613
sleepedf_full,true,tsception,43,5,0.589,0.589
sleepedf_full,true,tsception,43,10,0.616,0.616
sleepedf_full,true,tsception,43,20,0.6055,0.6055
sleepedf_full,true,tsception,44,0,0.217,0.217
sleepedf_full,true,tsception,44,1,0.5915,0.5915
sleepedf_full,true,tsception,44,2,0.5935,0.5935
sleepedf_full,true,tsception,44,5,0.5915,0.5915
sleepedf_full,true,tsception,44,10,0.592,0.592
sleepedf_full,true,tsception,44,20,0.5865,0.5865
sleepedf_full,true,tsception,45,0,0.211,0.211
sleepedf_full,true,tsception,45,1,0.57,0.57
sleepedf_full,true,tsception,45,2,0.5755,0.5755
sleepedf_full,true,tsception,45,5,0.5745,0.5745
sleepedf_full,true,tsception,45,10,0.6105,0.6105
sleepedf_full,true,tsception,45,20,0.6135,0.6135
sleepedf_full,true,tsception,46,0,0.2005,0.2005
sleepedf_full,true,tsception,46,1,0.472,0.472
sleepedf_full,true,tsception,46,2,0.6055,0.6055
sleepedf_full,true,tsception,46,5,0.625,0.625
sleepedf_full,true,tsception,46,10,0.5755,0.5755
sleepedf_full,true,tsception,46,20,0.613,0.613
sleepedf_full,true,atcnet,41,0,0.203,0.203
sleepedf_full,true,atcnet,41,1,0.5505,0.5505
sleepedf_full,true,atcnet,41,2,0.5795,0.5795
sleepedf_full,true,atcnet,41,5,0.6165,0.6165
sleepedf_full,true,atcnet,41,10,0.632,0.632
sleepedf_full,true,atcnet,41,20,0.6765,0.6765
sleepedf_full,true,atcnet,42,0,0.181,0.181
sleepedf_full,true,atcnet,42,1,0.539,0.539
sleepedf_full,true,atcnet,42,2,0.562,0.562
sleepedf_full,true,atcnet,42,5,0.61,0.61
sleepedf_full,true,atcnet,42,10,0.655,0.655
sleepedf_full,true,atcnet,42,20,0.6575,0.6575
sleepedf_full,true,atcnet,43,0,0.193,0.193
sleepedf_full,true,atcnet,43,1,0.542,0.542
sleepedf_full,true,atcnet,43,2,0.608,0.608
sleepedf_full,true,atcnet,43,5,0.6285,0.6285
sleepedf_full,true,atcnet,43,10,0.663,0.663
sleepedf_full,true,atcnet,43,20,0.663,0.663
sleepedf_full,true,atcnet,44,0,0.21,0.21
sleepedf_full,true,atcnet,44,1,0.551,0.551
sleepedf_full,true,atcnet,44,2,0.593,0.593
sleepedf_full,true,atcnet,44,5,0.64,0.64
sleepedf_full,true,atcnet,44,10,0.6675,0.6675
sleepedf_full,true,atcnet,44,20,0.6645,0.6645
sleepedf_full,true,atcnet,45,0,0.202,0.202
sleepedf_full,true,atcnet,45,1,0.5265,0.5265
sleepedf_full,true,atcnet,45,2,0.5925,0.5925
sleepedf_full,true,atcnet,45,5,0.592,0.592
sleepedf_full,true,atcnet,45,10,0.619,0.619
sleepedf_full,true,atcnet,45,20,0.6585,0.6585
sleepedf_full,true,atcnet,46,0,0.2005,0.2005
sleepedf_full,true,atcnet,46,1,0.5655,0.5655
sleepedf_full,true,atcnet,46,2,0.601,0.601
sleepedf_full,true,atcnet,46,5,0.615,0.615
sleepedf_full,true,atcnet,46,10,0.652,0.652
sleepedf_full,true,atcnet,46,20,0.688,0.688
