report,dataset_kind,arch,implementation,parameters,declared_layer_names,flattening
p300_atcnet_dynamics_true_seed41.json,BNCI2014_009_P300_raw_event_cache,atcnet,braindecode.models.ATCNet,16946,conv_block;attention_blocks.0;temporal_conv_nets.0;final_layer.0;logits,captured tensor reshaped per sample to one feature vector before cosine/CKA/RSA
p300_eegconformer_dynamics_true_seed41.json,BNCI2014_009_P300_raw_event_cache,eegconformer,braindecode.models.EEGConformer,226946,patch_embedding.shallownet;patch_embedding.projection;patch_embedding;transformer.0;transformer.2;transformer.5;transformer;fc;final_layer;logits,captured tensor reshaped per sample to one feature vector before cosine/CKA/RSA
p300_eegnet_dynamics_true_seed41.json,BNCI2014_009_P300_raw_event_cache,eegnet,braindecode.models.EEGNet,1554,conv_temporal;bnorm_temporal;conv_spatial;bnorm_1;elu_1;pool_1;conv_separable_depth;conv_separable_point;bnorm_2;elu_2;pool_2;final_layer.conv_classifier;logits,captured tensor reshaped per sample to one feature vector before cosine/CKA/RSA
p300_shallowconvnet_dynamics_true_seed41.json,BNCI2014_009_P300_raw_event_cache,shallowconvnet,braindecode.models.ShallowFBCSPNet,27282,conv_time_spat;bnorm;conv_nonlin_exp;pool;pool_nonlin_exp;final_layer.conv_classifier;logits,captured tensor reshaped per sample to one feature vector before cosine/CKA/RSA
p300_tsception_dynamics_true_seed41.json,BNCI2014_009_P300_raw_event_cache,tsception,braindecode.models.TSception,63230,temporal_blocks.0;temporal_blocks.1;temporal_blocks.2;batch_temporal_lay;spatial_block_1;spatial_block_2;batch_spatial_lay;dense_layer;final_layer;logits,captured tensor reshaped per sample to one feature vector before cosine/CKA/RSA
seediv_atcnet_dynamics_true_seed41.json,SEED_IV_raw_eeg_window_cache,atcnet,braindecode.models.ATCNet,115012,conv_block;attention_blocks.0;attention_blocks.2;attention_blocks.4;temporal_conv_nets.0;temporal_conv_nets.2;temporal_conv_nets.4;final_layer.0;final_layer.4;logits,captured tensor reshaped per sample to one feature vector before cosine/CKA/RSA
seediv_eegconformer_dynamics_true_seed41.json,SEED_IV_raw_eeg_window_cache,eegconformer,braindecode.models.EEGConformer,710212,patch_embedding.shallownet;patch_embedding.projection;patch_embedding;transformer.0;transformer.2;transformer.5;transformer;fc;final_layer;logits,captured tensor reshaped per sample to one feature vector before cosine/CKA/RSA
seediv_eegnet_dynamics_true_seed41.json,SEED_IV_raw_eeg_window_cache,eegnet,braindecode.models.EEGNet,3700,conv_temporal;bnorm_temporal;conv_spatial;bnorm_1;elu_1;pool_1;conv_separable_depth;conv_separable_point;bnorm_2;elu_2;pool_2;final_layer.conv_classifier;logits,captured tensor reshaped per sample to one feature vector before cosine/CKA/RSA
seediv_shallowconvnet_dynamics_true_seed41.json,SEED_IV_raw_eeg_window_cache,shallowconvnet,braindecode.models.ShallowFBCSPNet,107844,conv_time_spat;bnorm;conv_nonlin_exp;pool;pool_nonlin_exp;final_layer.conv_classifier;logits,captured tensor reshaped per sample to one feature vector before cosine/CKA/RSA
seediv_tsception_dynamics_true_seed41.json,SEED_IV_raw_eeg_window_cache,tsception,braindecode.models.TSception,325262,temporal_blocks.0;temporal_blocks.1;temporal_blocks.2;batch_temporal_lay;spatial_block_1;spatial_block_2;batch_spatial_lay;dense_layer;final_layer;logits,captured tensor reshaped per sample to one feature vector before cosine/CKA/RSA
sleepedf_full_atcnet_dynamics_true_seed41.json,Sleep_EDF_sleep_cassette_cache,atcnet,braindecode.models.ATCNet,113257,conv_block;attention_blocks.0;attention_blocks.2;attention_blocks.4;temporal_conv_nets.0;temporal_conv_nets.2;temporal_conv_nets.4;final_layer.0;final_layer.4;logits,captured tensor reshaped per sample to one feature vector before cosine/CKA/RSA
sleepedf_full_eegconformer_dynamics_true_seed41.json,Sleep_EDF_sleep_cassette_cache,eegconformer,braindecode.models.EEGConformer,2119525,patch_embedding.shallownet;patch_embedding.projection;patch_embedding;transformer.0;transformer.2;transformer.5;transformer;fc;final_layer;logits,captured tensor reshaped per sample to one feature vector before cosine/CKA/RSA
sleepedf_full_eegnet_dynamics_true_seed41.json,Sleep_EDF_sleep_cassette_cache,eegnet,braindecode.models.EEGNet,8581,conv_temporal;bnorm_temporal;conv_spatial;bnorm_1;elu_1;pool_1;conv_separable_depth;conv_separable_point;bnorm_2;elu_2;pool_2;final_layer.conv_classifier;logits,captured tensor reshaped per sample to one feature vector before cosine/CKA/RSA
sleepedf_full_shallowconvnet_dynamics_true_seed41.json,Sleep_EDF_sleep_cassette_cache,shallowconvnet,braindecode.models.ShallowFBCSPNet,43125,conv_time_spat;bnorm;conv_nonlin_exp;pool;pool_nonlin_exp;final_layer.conv_classifier;logits,captured tensor reshaped per sample to one feature vector before cosine/CKA/RSA
sleepedf_full_tsception_dynamics_true_seed41.json,Sleep_EDF_sleep_cassette_cache,tsception,braindecode.models.TSception,1282811,temporal_blocks.0;temporal_blocks.1;temporal_blocks.2;batch_temporal_lay;spatial_block_1;spatial_block_2;batch_spatial_lay;dense_layer;final_layer;logits,captured tensor reshaped per sample to one feature vector before cosine/CKA/RSA
atcnet_bci2a_dynamics_true.json,BCI_IV_2a_preconverted_fif_full_available,atcnet,braindecode.models.ATCNet,113732,conv_block;attention_blocks.0;attention_blocks.2;attention_blocks.4;temporal_conv_nets.0;temporal_conv_nets.2;temporal_conv_nets.4;final_layer.0;final_layer.4;logits,captured tensor reshaped per sample to one feature vector before cosine/CKA/RSA
eegconformer_bci2a_dynamics_true.json,BCI_IV_2a_preconverted_fif_full_available,eegconformer,braindecode.models.EEGConformer,615492,patch_embedding.shallownet;patch_embedding.projection;patch_embedding;transformer.0;transformer.2;transformer.5;transformer;fc;final_layer;logits,captured tensor reshaped per sample to one feature vector before cosine/CKA/RSA
eegnet_bci2a_dynamics_true.json,BCI_IV_2a_preconverted_fif_full_available,eegnet,braindecode.models.EEGNet,2932,conv_temporal;bnorm_temporal;conv_spatial;bnorm_1;elu_1;pool_1;conv_separable_depth;conv_separable_point;bnorm_2;elu_2;pool_2;final_layer.conv_classifier;logits,captured tensor reshaped per sample to one feature vector before cosine/CKA/RSA
shallowconvnet_bci2a_dynamics_true.json,BCI_IV_2a_preconverted_fif_full_available,shallowconvnet,braindecode.models.ShallowFBCSPNet,43364,conv_time_spat;bnorm;conv_nonlin_exp;pool;pool_nonlin_exp;final_layer.conv_classifier;logits,captured tensor reshaped per sample to one feature vector before cosine/CKA/RSA
tsception_bci2a_dynamics_true.json,BCI_IV_2a_preconverted_fif_full_available,tsception,braindecode.models.TSception,297065,temporal_blocks.0;temporal_blocks.1;temporal_blocks.2;batch_temporal_lay;spatial_block_1;spatial_block_2;batch_spatial_lay;dense_layer;final_layer;logits,captured tensor reshaped per sample to one feature vector before cosine/CKA/RSA
