arch,layer,target_raw_odi_surrogate,source
eegnet,conv_temporal,0.08,TAXONOMY_TARGETS in run_tier3_bci2a_regularizer.py
eegnet,conv_spatial,0.18,TAXONOMY_TARGETS in run_tier3_bci2a_regularizer.py
eegnet,bnorm_1,0.18,TAXONOMY_TARGETS in run_tier3_bci2a_regularizer.py
eegnet,conv_separable_depth,0.22,TAXONOMY_TARGETS in run_tier3_bci2a_regularizer.py
eegnet,bnorm_2,0.16,TAXONOMY_TARGETS in run_tier3_bci2a_regularizer.py
eegnet,pool_2,0.14,TAXONOMY_TARGETS in run_tier3_bci2a_regularizer.py
eegnet,logits,0.05,TAXONOMY_TARGETS in run_tier3_bci2a_regularizer.py
shallowconvnet,conv_time_spat,0.12,TAXONOMY_TARGETS in run_tier3_bci2a_regularizer.py
shallowconvnet,bnorm,0.12,TAXONOMY_TARGETS in run_tier3_bci2a_regularizer.py
shallowconvnet,conv_nonlin_exp,0.25,TAXONOMY_TARGETS in run_tier3_bci2a_regularizer.py
shallowconvnet,pool,0.22,TAXONOMY_TARGETS in run_tier3_bci2a_regularizer.py
shallowconvnet,pool_nonlin_exp,0.25,TAXONOMY_TARGETS in run_tier3_bci2a_regularizer.py
shallowconvnet,logits,0.08,TAXONOMY_TARGETS in run_tier3_bci2a_regularizer.py
eegconformer,patch_embedding,0.12,TAXONOMY_TARGETS in run_tier3_bci2a_regularizer.py
eegconformer,transformer.0,0.08,TAXONOMY_TARGETS in run_tier3_bci2a_regularizer.py
eegconformer,transformer.2,0.07,TAXONOMY_TARGETS in run_tier3_bci2a_regularizer.py
eegconformer,transformer.5,0.06,TAXONOMY_TARGETS in run_tier3_bci2a_regularizer.py
eegconformer,fc,0.05,TAXONOMY_TARGETS in run_tier3_bci2a_regularizer.py
eegconformer,logits,0.05,TAXONOMY_TARGETS in run_tier3_bci2a_regularizer.py
tsception,temporal_blocks.0,0.18,TAXONOMY_TARGETS in run_tier3_bci2a_regularizer.py
tsception,temporal_blocks.2,0.18,TAXONOMY_TARGETS in run_tier3_bci2a_regularizer.py
tsception,batch_temporal_lay,0.16,TAXONOMY_TARGETS in run_tier3_bci2a_regularizer.py
tsception,spatial_block_1,0.1,TAXONOMY_TARGETS in run_tier3_bci2a_regularizer.py
tsception,spatial_block_2,0.1,TAXONOMY_TARGETS in run_tier3_bci2a_regularizer.py
tsception,batch_spatial_lay,0.08,TAXONOMY_TARGETS in run_tier3_bci2a_regularizer.py
tsception,dense_layer,0.06,TAXONOMY_TARGETS in run_tier3_bci2a_regularizer.py
tsception,logits,0.05,TAXONOMY_TARGETS in run_tier3_bci2a_regularizer.py
atcnet,conv_block,0.2,TAXONOMY_TARGETS in run_tier3_bci2a_regularizer.py
atcnet,attention_blocks.0,0.08,TAXONOMY_TARGETS in run_tier3_bci2a_regularizer.py
atcnet,attention_blocks.4,0.08,TAXONOMY_TARGETS in run_tier3_bci2a_regularizer.py
atcnet,temporal_conv_nets.0,0.08,TAXONOMY_TARGETS in run_tier3_bci2a_regularizer.py
atcnet,temporal_conv_nets.4,0.08,TAXONOMY_TARGETS in run_tier3_bci2a_regularizer.py
atcnet,final_layer.4,0.05,TAXONOMY_TARGETS in run_tier3_bci2a_regularizer.py
atcnet,logits,0.05,TAXONOMY_TARGETS in run_tier3_bci2a_regularizer.py
