file,arch,arm,seed,train_fraction,epochs,batch_size,lr,weight_decay,lambda_hsdd,lambda_weight_orth,reg_every,reg_batch_size,noise_scale,channel_drop_p,channel_drop_repeats
atcnet_none_seed41_frac0.25.json,atcnet,none,41,0.25,30,32,0.001,0.0001,0.05,0.0001,4,4,0.25,0.25,8
atcnet_none_seed41_frac0.5.json,atcnet,none,41,0.5,30,32,0.001,0.0001,0.05,0.0001,4,4,0.25,0.25,8
atcnet_none_seed41_frac1.0.json,atcnet,none,41,1.0,30,32,0.001,0.0001,0.05,0.0001,4,4,0.25,0.25,8
atcnet_none_seed42_frac0.25.json,atcnet,none,42,0.25,30,32,0.001,0.0001,0.05,0.0001,4,4,0.25,0.25,8
atcnet_none_seed42_frac0.5.json,atcnet,none,42,0.5,30,32,0.001,0.0001,0.05,0.0001,4,4,0.25,0.25,8
atcnet_none_seed42_frac1.0.json,atcnet,none,42,1.0,30,32,0.001,0.0001,0.05,0.0001,4,4,0.25,0.25,8
atcnet_none_seed43_frac0.25.json,atcnet,none,43,0.25,30,32,0.001,0.0001,0.05,0.0001,4,4,0.25,0.25,8
atcnet_none_seed43_frac0.5.json,atcnet,none,43,0.5,30,32,0.001,0.0001,0.05,0.0001,4,4,0.25,0.25,8
atcnet_none_seed43_frac1.0.json,atcnet,none,43,1.0,30,32,0.001,0.0001,0.05,0.0001,4,4,0.25,0.25,8
atcnet_odi_min_seed41_frac0.25.json,atcnet,odi_min,41,0.25,30,32,0.001,0.0001,0.05,0.0001,4,4,0.25,0.25,8
atcnet_odi_min_seed41_frac0.5.json,atcnet,odi_min,41,0.5,30,32,0.001,0.0001,0.05,0.0001,4,4,0.25,0.25,8
atcnet_odi_min_seed41_frac1.0.json,atcnet,odi_min,41,1.0,30,32,0.001,0.0001,0.05,0.0001,4,4,0.25,0.25,8
atcnet_odi_min_seed42_frac0.25.json,atcnet,odi_min,42,0.25,30,32,0.001,0.0001,0.05,0.0001,4,4,0.25,0.25,8
atcnet_odi_min_seed42_frac0.5.json,atcnet,odi_min,42,0.5,30,32,0.001,0.0001,0.05,0.0001,4,4,0.25,0.25,8
atcnet_odi_min_seed42_frac1.0.json,atcnet,odi_min,42,1.0,30,32,0.001,0.0001,0.05,0.0001,4,4,0.25,0.25,8
atcnet_odi_min_seed43_frac0.25.json,atcnet,odi_min,43,0.25,30,32,0.001,0.0001,0.05,0.0001,4,4,0.25,0.25,8
atcnet_odi_min_seed43_frac0.5.json,atcnet,odi_min,43,0.5,30,32,0.001,0.0001,0.05,0.0001,4,4,0.25,0.25,8
atcnet_odi_min_seed43_frac1.0.json,atcnet,odi_min,43,1.0,30,32,0.001,0.0001,0.05,0.0001,4,4,0.25,0.25,8
atcnet_taxon_hsdd_seed41_frac0.25.json,atcnet,taxon_hsdd,41,0.25,30,32,0.001,0.0001,0.05,0.0001,4,4,0.25,0.25,8
atcnet_taxon_hsdd_seed41_frac0.5.json,atcnet,taxon_hsdd,41,0.5,30,32,0.001,0.0001,0.05,0.0001,4,4,0.25,0.25,8
atcnet_taxon_hsdd_seed41_frac1.0.json,atcnet,taxon_hsdd,41,1.0,30,32,0.001,0.0001,0.05,0.0001,4,4,0.25,0.25,8
atcnet_taxon_hsdd_seed42_frac0.25.json,atcnet,taxon_hsdd,42,0.25,30,32,0.001,0.0001,0.05,0.0001,4,4,0.25,0.25,8
atcnet_taxon_hsdd_seed42_frac0.5.json,atcnet,taxon_hsdd,42,0.5,30,32,0.001,0.0001,0.05,0.0001,4,4,0.25,0.25,8
atcnet_taxon_hsdd_seed42_frac1.0.json,atcnet,taxon_hsdd,42,1.0,30,32,0.001,0.0001,0.05,0.0001,4,4,0.25,0.25,8
atcnet_taxon_hsdd_seed43_frac0.25.json,atcnet,taxon_hsdd,43,0.25,30,32,0.001,0.0001,0.05,0.0001,4,4,0.25,0.25,8
atcnet_taxon_hsdd_seed43_frac0.5.json,atcnet,taxon_hsdd,43,0.5,30,32,0.001,0.0001,0.05,0.0001,4,4,0.25,0.25,8
atcnet_taxon_hsdd_seed43_frac1.0.json,atcnet,taxon_hsdd,43,1.0,30,32,0.001,0.0001,0.05,0.0001,4,4,0.25,0.25,8
atcnet_weight_orth_seed41_frac0.25.json,atcnet,weight_orth,41,0.25,30,32,0.001,0.0001,0.05,0.0001,4,4,0.25,0.25,8
atcnet_weight_orth_seed41_frac0.5.json,atcnet,weight_orth,41,0.5,30,32,0.001,0.0001,0.05,0.0001,4,4,0.25,0.25,8
atcnet_weight_orth_seed41_frac1.0.json,atcnet,weight_orth,41,1.0,30,32,0.001,0.0001,0.05,0.0001,4,4,0.25,0.25,8
atcnet_weight_orth_seed42_frac0.25.json,atcnet,weight_orth,42,0.25,30,32,0.001,0.0001,0.05,0.0001,4,4,0.25,0.25,8
atcnet_weight_orth_seed42_frac0.5.json,atcnet,weight_orth,42,0.5,30,32,0.001,0.0001,0.05,0.0001,4,4,0.25,0.25,8
atcnet_weight_orth_seed42_frac1.0.json,atcnet,weight_orth,42,1.0,30,32,0.001,0.0001,0.05,0.0001,4,4,0.25,0.25,8
atcnet_weight_orth_seed43_frac0.25.json,atcnet,weight_orth,43,0.25,30,32,0.001,0.0001,0.05,0.0001,4,4,0.25,0.25,8
atcnet_weight_orth_seed43_frac0.5.json,atcnet,weight_orth,43,0.5,30,32,0.001,0.0001,0.05,0.0001,4,4,0.25,0.25,8
atcnet_weight_orth_seed43_frac1.0.json,atcnet,weight_orth,43,1.0,30,32,0.001,0.0001,0.05,0.0001,4,4,0.25,0.25,8
eegconformer_none_seed41_frac0.25.json,eegconformer,none,41,0.25,30,32,0.001,0.0001,0.05,0.0001,4,4,0.25,0.25,8
eegconformer_none_seed41_frac0.5.json,eegconformer,none,41,0.5,30,32,0.001,0.0001,0.05,0.0001,4,4,0.25,0.25,8
eegconformer_none_seed41_frac1.0.json,eegconformer,none,41,1.0,30,32,0.001,0.0001,0.05,0.0001,4,4,0.25,0.25,8
eegconformer_none_seed42_frac0.25.json,eegconformer,none,42,0.25,30,32,0.001,0.0001,0.05,0.0001,4,4,0.25,0.25,8
eegconformer_none_seed42_frac0.5.json,eegconformer,none,42,0.5,30,32,0.001,0.0001,0.05,0.0001,4,4,0.25,0.25,8
eegconformer_none_seed42_frac1.0.json,eegconformer,none,42,1.0,30,32,0.001,0.0001,0.05,0.0001,4,4,0.25,0.25,8
eegconformer_none_seed43_frac0.25.json,eegconformer,none,43,0.25,30,32,0.001,0.0001,0.05,0.0001,4,4,0.25,0.25,8
eegconformer_none_seed43_frac0.5.json,eegconformer,none,43,0.5,30,32,0.001,0.0001,0.05,0.0001,4,4,0.25,0.25,8
eegconformer_none_seed43_frac1.0.json,eegconformer,none,43,1.0,30,32,0.001,0.0001,0.05,0.0001,4,4,0.25,0.25,8
eegconformer_odi_min_seed41_frac0.25.json,eegconformer,odi_min,41,0.25,30,32,0.001,0.0001,0.05,0.0001,4,4,0.25,0.25,8
eegconformer_odi_min_seed41_frac0.5.json,eegconformer,odi_min,41,0.5,30,32,0.001,0.0001,0.05,0.0001,4,4,0.25,0.25,8
eegconformer_odi_min_seed41_frac1.0.json,eegconformer,odi_min,41,1.0,30,32,0.001,0.0001,0.05,0.0001,4,4,0.25,0.25,8
eegconformer_odi_min_seed42_frac0.25.json,eegconformer,odi_min,42,0.25,30,32,0.001,0.0001,0.05,0.0001,4,4,0.25,0.25,8
eegconformer_odi_min_seed42_frac0.5.json,eegconformer,odi_min,42,0.5,30,32,0.001,0.0001,0.05,0.0001,4,4,0.25,0.25,8
eegconformer_odi_min_seed42_frac1.0.json,eegconformer,odi_min,42,1.0,30,32,0.001,0.0001,0.05,0.0001,4,4,0.25,0.25,8
eegconformer_odi_min_seed43_frac0.25.json,eegconformer,odi_min,43,0.25,30,32,0.001,0.0001,0.05,0.0001,4,4,0.25,0.25,8
eegconformer_odi_min_seed43_frac0.5.json,eegconformer,odi_min,43,0.5,30,32,0.001,0.0001,0.05,0.0001,4,4,0.25,0.25,8
eegconformer_odi_min_seed43_frac1.0.json,eegconformer,odi_min,43,1.0,30,32,0.001,0.0001,0.05,0.0001,4,4,0.25,0.25,8
eegconformer_taxon_hsdd_seed41_frac0.25.json,eegconformer,taxon_hsdd,41,0.25,30,32,0.001,0.0001,0.05,0.0001,4,4,0.25,0.25,8
eegconformer_taxon_hsdd_seed41_frac0.5.json,eegconformer,taxon_hsdd,41,0.5,30,32,0.001,0.0001,0.05,0.0001,4,4,0.25,0.25,8
eegconformer_taxon_hsdd_seed41_frac1.0.json,eegconformer,taxon_hsdd,41,1.0,30,32,0.001,0.0001,0.05,0.0001,4,4,0.25,0.25,8
eegconformer_taxon_hsdd_seed42_frac0.25.json,eegconformer,taxon_hsdd,42,0.25,30,32,0.001,0.0001,0.05,0.0001,4,4,0.25,0.25,8
eegconformer_taxon_hsdd_seed42_frac0.5.json,eegconformer,taxon_hsdd,42,0.5,30,32,0.001,0.0001,0.05,0.0001,4,4,0.25,0.25,8
eegconformer_taxon_hsdd_seed42_frac1.0.json,eegconformer,taxon_hsdd,42,1.0,30,32,0.001,0.0001,0.05,0.0001,4,4,0.25,0.25,8
eegconformer_taxon_hsdd_seed43_frac0.25.json,eegconformer,taxon_hsdd,43,0.25,30,32,0.001,0.0001,0.05,0.0001,4,4,0.25,0.25,8
eegconformer_taxon_hsdd_seed43_frac0.5.json,eegconformer,taxon_hsdd,43,0.5,30,32,0.001,0.0001,0.05,0.0001,4,4,0.25,0.25,8
eegconformer_taxon_hsdd_seed43_frac1.0.json,eegconformer,taxon_hsdd,43,1.0,30,32,0.001,0.0001,0.05,0.0001,4,4,0.25,0.25,8
eegconformer_weight_orth_seed41_frac0.25.json,eegconformer,weight_orth,41,0.25,30,32,0.001,0.0001,0.05,0.0001,4,4,0.25,0.25,8
eegconformer_weight_orth_seed41_frac0.5.json,eegconformer,weight_orth,41,0.5,30,32,0.001,0.0001,0.05,0.0001,4,4,0.25,0.25,8
eegconformer_weight_orth_seed41_frac1.0.json,eegconformer,weight_orth,41,1.0,30,32,0.001,0.0001,0.05,0.0001,4,4,0.25,0.25,8
eegconformer_weight_orth_seed42_frac0.25.json,eegconformer,weight_orth,42,0.25,30,32,0.001,0.0001,0.05,0.0001,4,4,0.25,0.25,8
eegconformer_weight_orth_seed42_frac0.5.json,eegconformer,weight_orth,42,0.5,30,32,0.001,0.0001,0.05,0.0001,4,4,0.25,0.25,8
eegconformer_weight_orth_seed42_frac1.0.json,eegconformer,weight_orth,42,1.0,30,32,0.001,0.0001,0.05,0.0001,4,4,0.25,0.25,8
eegconformer_weight_orth_seed43_frac0.25.json,eegconformer,weight_orth,43,0.25,30,32,0.001,0.0001,0.05,0.0001,4,4,0.25,0.25,8
eegconformer_weight_orth_seed43_frac0.5.json,eegconformer,weight_orth,43,0.5,30,32,0.001,0.0001,0.05,0.0001,4,4,0.25,0.25,8
eegconformer_weight_orth_seed43_frac1.0.json,eegconformer,weight_orth,43,1.0,30,32,0.001,0.0001,0.05,0.0001,4,4,0.25,0.25,8
eegnet_none_seed41_frac0.25.json,eegnet,none,41,0.25,30,64,0.001,0.0001,0.05,0.0001,4,4,0.25,0.25,8
eegnet_none_seed41_frac0.5.json,eegnet,none,41,0.5,30,64,0.001,0.0001,0.05,0.0001,4,4,0.25,0.25,8
eegnet_none_seed41_frac1.0.json,eegnet,none,41,1.0,30,64,0.001,0.0001,0.05,0.0001,4,4,0.25,0.25,8
eegnet_none_seed42_frac0.25.json,eegnet,none,42,0.25,30,64,0.001,0.0001,0.05,0.0001,4,4,0.25,0.25,8
eegnet_none_seed42_frac0.5.json,eegnet,none,42,0.5,30,64,0.001,0.0001,0.05,0.0001,4,4,0.25,0.25,8
eegnet_none_seed42_frac1.0.json,eegnet,none,42,1.0,30,64,0.001,0.0001,0.05,0.0001,4,4,0.25,0.25,8
eegnet_none_seed43_frac0.25.json,eegnet,none,43,0.25,30,64,0.001,0.0001,0.05,0.0001,4,4,0.25,0.25,8
eegnet_none_seed43_frac0.5.json,eegnet,none,43,0.5,30,64,0.001,0.0001,0.05,0.0001,4,4,0.25,0.25,8
eegnet_none_seed43_frac1.0.json,eegnet,none,43,1.0,30,64,0.001,0.0001,0.05,0.0001,4,4,0.25,0.25,8
eegnet_odi_min_seed41_frac0.25.json,eegnet,odi_min,41,0.25,30,64,0.001,0.0001,0.05,0.0001,4,4,0.25,0.25,8
eegnet_odi_min_seed41_frac0.5.json,eegnet,odi_min,41,0.5,30,64,0.001,0.0001,0.05,0.0001,4,4,0.25,0.25,8
eegnet_odi_min_seed41_frac1.0.json,eegnet,odi_min,41,1.0,30,64,0.001,0.0001,0.05,0.0001,4,4,0.25,0.25,8
eegnet_odi_min_seed42_frac0.25.json,eegnet,odi_min,42,0.25,30,64,0.001,0.0001,0.05,0.0001,4,4,0.25,0.25,8
eegnet_odi_min_seed42_frac0.5.json,eegnet,odi_min,42,0.5,30,64,0.001,0.0001,0.05,0.0001,4,4,0.25,0.25,8
eegnet_odi_min_seed42_frac1.0.json,eegnet,odi_min,42,1.0,30,64,0.001,0.0001,0.05,0.0001,4,4,0.25,0.25,8
eegnet_odi_min_seed43_frac0.25.json,eegnet,odi_min,43,0.25,30,64,0.001,0.0001,0.05,0.0001,4,4,0.25,0.25,8
eegnet_odi_min_seed43_frac0.5.json,eegnet,odi_min,43,0.5,30,64,0.001,0.0001,0.05,0.0001,4,4,0.25,0.25,8
eegnet_odi_min_seed43_frac1.0.json,eegnet,odi_min,43,1.0,30,64,0.001,0.0001,0.05,0.0001,4,4,0.25,0.25,8
eegnet_taxon_hsdd_seed41_frac0.25.json,eegnet,taxon_hsdd,41,0.25,30,64,0.001,0.0001,0.05,0.0001,4,4,0.25,0.25,8
eegnet_taxon_hsdd_seed41_frac0.5.json,eegnet,taxon_hsdd,41,0.5,30,64,0.001,0.0001,0.05,0.0001,4,4,0.25,0.25,8
eegnet_taxon_hsdd_seed41_frac1.0.json,eegnet,taxon_hsdd,41,1.0,30,64,0.001,0.0001,0.05,0.0001,4,4,0.25,0.25,8
eegnet_taxon_hsdd_seed42_frac0.25.json,eegnet,taxon_hsdd,42,0.25,30,64,0.001,0.0001,0.05,0.0001,4,4,0.25,0.25,8
eegnet_taxon_hsdd_seed42_frac0.5.json,eegnet,taxon_hsdd,42,0.5,30,64,0.001,0.0001,0.05,0.0001,4,4,0.25,0.25,8
eegnet_taxon_hsdd_seed42_frac1.0.json,eegnet,taxon_hsdd,42,1.0,30,64,0.001,0.0001,0.05,0.0001,4,4,0.25,0.25,8
eegnet_taxon_hsdd_seed43_frac0.25.json,eegnet,taxon_hsdd,43,0.25,30,64,0.001,0.0001,0.05,0.0001,4,4,0.25,0.25,8
eegnet_taxon_hsdd_seed43_frac0.5.json,eegnet,taxon_hsdd,43,0.5,30,64,0.001,0.0001,0.05,0.0001,4,4,0.25,0.25,8
eegnet_taxon_hsdd_seed43_frac1.0.json,eegnet,taxon_hsdd,43,1.0,30,64,0.001,0.0001,0.05,0.0001,4,4,0.25,0.25,8
eegnet_weight_orth_seed41_frac0.25.json,eegnet,weight_orth,41,0.25,30,64,0.001,0.0001,0.05,0.0001,4,4,0.25,0.25,8
eegnet_weight_orth_seed41_frac0.5.json,eegnet,weight_orth,41,0.5,30,64,0.001,0.0001,0.05,0.0001,4,4,0.25,0.25,8
eegnet_weight_orth_seed41_frac1.0.json,eegnet,weight_orth,41,1.0,30,64,0.001,0.0001,0.05,0.0001,4,4,0.25,0.25,8
eegnet_weight_orth_seed42_frac0.25.json,eegnet,weight_orth,42,0.25,30,64,0.001,0.0001,0.05,0.0001,4,4,0.25,0.25,8
eegnet_weight_orth_seed42_frac0.5.json,eegnet,weight_orth,42,0.5,30,64,0.001,0.0001,0.05,0.0001,4,4,0.25,0.25,8
eegnet_weight_orth_seed42_frac1.0.json,eegnet,weight_orth,42,1.0,30,64,0.001,0.0001,0.05,0.0001,4,4,0.25,0.25,8
eegnet_weight_orth_seed43_frac0.25.json,eegnet,weight_orth,43,0.25,30,64,0.001,0.0001,0.05,0.0001,4,4,0.25,0.25,8
eegnet_weight_orth_seed43_frac0.5.json,eegnet,weight_orth,43,0.5,30,64,0.001,0.0001,0.05,0.0001,4,4,0.25,0.25,8
eegnet_weight_orth_seed43_frac1.0.json,eegnet,weight_orth,43,1.0,30,64,0.001,0.0001,0.05,0.0001,4,4,0.25,0.25,8
shallowconvnet_none_seed41_frac0.25.json,shallowconvnet,none,41,0.25,30,64,0.001,0.0001,0.05,0.0001,4,4,0.25,0.25,8
shallowconvnet_none_seed41_frac0.5.json,shallowconvnet,none,41,0.5,30,64,0.001,0.0001,0.05,0.0001,4,4,0.25,0.25,8
shallowconvnet_none_seed41_frac1.0.json,shallowconvnet,none,41,1.0,30,64,0.001,0.0001,0.05,0.0001,4,4,0.25,0.25,8
shallowconvnet_none_seed42_frac0.25.json,shallowconvnet,none,42,0.25,30,64,0.001,0.0001,0.05,0.0001,4,4,0.25,0.25,8
shallowconvnet_none_seed42_frac0.5.json,shallowconvnet,none,42,0.5,30,64,0.001,0.0001,0.05,0.0001,4,4,0.25,0.25,8
shallowconvnet_none_seed42_frac1.0.json,shallowconvnet,none,42,1.0,30,64,0.001,0.0001,0.05,0.0001,4,4,0.25,0.25,8
shallowconvnet_none_seed43_frac0.25.json,shallowconvnet,none,43,0.25,30,64,0.001,0.0001,0.05,0.0001,4,4,0.25,0.25,8
shallowconvnet_none_seed43_frac0.5.json,shallowconvnet,none,43,0.5,30,64,0.001,0.0001,0.05,0.0001,4,4,0.25,0.25,8
shallowconvnet_none_seed43_frac1.0.json,shallowconvnet,none,43,1.0,30,64,0.001,0.0001,0.05,0.0001,4,4,0.25,0.25,8
shallowconvnet_odi_min_seed41_frac0.25.json,shallowconvnet,odi_min,41,0.25,30,64,0.001,0.0001,0.05,0.0001,4,4,0.25,0.25,8
shallowconvnet_odi_min_seed41_frac0.5.json,shallowconvnet,odi_min,41,0.5,30,64,0.001,0.0001,0.05,0.0001,4,4,0.25,0.25,8
shallowconvnet_odi_min_seed41_frac1.0.json,shallowconvnet,odi_min,41,1.0,30,64,0.001,0.0001,0.05,0.0001,4,4,0.25,0.25,8
shallowconvnet_odi_min_seed42_frac0.25.json,shallowconvnet,odi_min,42,0.25,30,64,0.001,0.0001,0.05,0.0001,4,4,0.25,0.25,8
shallowconvnet_odi_min_seed42_frac0.5.json,shallowconvnet,odi_min,42,0.5,30,64,0.001,0.0001,0.05,0.0001,4,4,0.25,0.25,8
shallowconvnet_odi_min_seed42_frac1.0.json,shallowconvnet,odi_min,42,1.0,30,64,0.001,0.0001,0.05,0.0001,4,4,0.25,0.25,8
shallowconvnet_odi_min_seed43_frac0.25.json,shallowconvnet,odi_min,43,0.25,30,64,0.001,0.0001,0.05,0.0001,4,4,0.25,0.25,8
shallowconvnet_odi_min_seed43_frac0.5.json,shallowconvnet,odi_min,43,0.5,30,64,0.001,0.0001,0.05,0.0001,4,4,0.25,0.25,8
shallowconvnet_odi_min_seed43_frac1.0.json,shallowconvnet,odi_min,43,1.0,30,64,0.001,0.0001,0.05,0.0001,4,4,0.25,0.25,8
shallowconvnet_taxon_hsdd_seed41_frac0.25.json,shallowconvnet,taxon_hsdd,41,0.25,30,64,0.001,0.0001,0.05,0.0001,4,4,0.25,0.25,8
shallowconvnet_taxon_hsdd_seed41_frac0.5.json,shallowconvnet,taxon_hsdd,41,0.5,30,64,0.001,0.0001,0.05,0.0001,4,4,0.25,0.25,8
shallowconvnet_taxon_hsdd_seed41_frac1.0.json,shallowconvnet,taxon_hsdd,41,1.0,30,64,0.001,0.0001,0.05,0.0001,4,4,0.25,0.25,8
shallowconvnet_taxon_hsdd_seed42_frac0.25.json,shallowconvnet,taxon_hsdd,42,0.25,30,64,0.001,0.0001,0.05,0.0001,4,4,0.25,0.25,8
shallowconvnet_taxon_hsdd_seed42_frac0.5.json,shallowconvnet,taxon_hsdd,42,0.5,30,64,0.001,0.0001,0.05,0.0001,4,4,0.25,0.25,8
shallowconvnet_taxon_hsdd_seed42_frac1.0.json,shallowconvnet,taxon_hsdd,42,1.0,30,64,0.001,0.0001,0.05,0.0001,4,4,0.25,0.25,8
shallowconvnet_taxon_hsdd_seed43_frac0.25.json,shallowconvnet,taxon_hsdd,43,0.25,30,64,0.001,0.0001,0.05,0.0001,4,4,0.25,0.25,8
shallowconvnet_taxon_hsdd_seed43_frac0.5.json,shallowconvnet,taxon_hsdd,43,0.5,30,64,0.001,0.0001,0.05,0.0001,4,4,0.25,0.25,8
shallowconvnet_taxon_hsdd_seed43_frac1.0.json,shallowconvnet,taxon_hsdd,43,1.0,30,64,0.001,0.0001,0.05,0.0001,4,4,0.25,0.25,8
shallowconvnet_weight_orth_seed41_frac0.25.json,shallowconvnet,weight_orth,41,0.25,30,64,0.001,0.0001,0.05,0.0001,4,4,0.25,0.25,8
shallowconvnet_weight_orth_seed41_frac0.5.json,shallowconvnet,weight_orth,41,0.5,30,64,0.001,0.0001,0.05,0.0001,4,4,0.25,0.25,8
shallowconvnet_weight_orth_seed41_frac1.0.json,shallowconvnet,weight_orth,41,1.0,30,64,0.001,0.0001,0.05,0.0001,4,4,0.25,0.25,8
shallowconvnet_weight_orth_seed42_frac0.25.json,shallowconvnet,weight_orth,42,0.25,30,64,0.001,0.0001,0.05,0.0001,4,4,0.25,0.25,8
shallowconvnet_weight_orth_seed42_frac0.5.json,shallowconvnet,weight_orth,42,0.5,30,64,0.001,0.0001,0.05,0.0001,4,4,0.25,0.25,8
shallowconvnet_weight_orth_seed42_frac1.0.json,shallowconvnet,weight_orth,42,1.0,30,64,0.001,0.0001,0.05,0.0001,4,4,0.25,0.25,8
shallowconvnet_weight_orth_seed43_frac0.25.json,shallowconvnet,weight_orth,43,0.25,30,64,0.001,0.0001,0.05,0.0001,4,4,0.25,0.25,8
shallowconvnet_weight_orth_seed43_frac0.5.json,shallowconvnet,weight_orth,43,0.5,30,64,0.001,0.0001,0.05,0.0001,4,4,0.25,0.25,8
shallowconvnet_weight_orth_seed43_frac1.0.json,shallowconvnet,weight_orth,43,1.0,30,64,0.001,0.0001,0.05,0.0001,4,4,0.25,0.25,8
tsception_none_seed41_frac0.25.json,tsception,none,41,0.25,30,32,0.001,0.0001,0.05,0.0001,4,4,0.25,0.25,8
tsception_none_seed41_frac0.5.json,tsception,none,41,0.5,30,32,0.001,0.0001,0.05,0.0001,4,4,0.25,0.25,8
tsception_none_seed41_frac1.0.json,tsception,none,41,1.0,30,32,0.001,0.0001,0.05,0.0001,4,4,0.25,0.25,8
tsception_none_seed42_frac0.25.json,tsception,none,42,0.25,30,32,0.001,0.0001,0.05,0.0001,4,4,0.25,0.25,8
tsception_none_seed42_frac0.5.json,tsception,none,42,0.5,30,32,0.001,0.0001,0.05,0.0001,4,4,0.25,0.25,8
tsception_none_seed42_frac1.0.json,tsception,none,42,1.0,30,32,0.001,0.0001,0.05,0.0001,4,4,0.25,0.25,8
tsception_none_seed43_frac0.25.json,tsception,none,43,0.25,30,32,0.001,0.0001,0.05,0.0001,4,4,0.25,0.25,8
tsception_none_seed43_frac0.5.json,tsception,none,43,0.5,30,32,0.001,0.0001,0.05,0.0001,4,4,0.25,0.25,8
tsception_none_seed43_frac1.0.json,tsception,none,43,1.0,30,32,0.001,0.0001,0.05,0.0001,4,4,0.25,0.25,8
tsception_odi_min_seed41_frac0.25.json,tsception,odi_min,41,0.25,30,32,0.001,0.0001,0.05,0.0001,4,4,0.25,0.25,8
tsception_odi_min_seed41_frac0.5.json,tsception,odi_min,41,0.5,30,32,0.001,0.0001,0.05,0.0001,4,4,0.25,0.25,8
tsception_odi_min_seed41_frac1.0.json,tsception,odi_min,41,1.0,30,32,0.001,0.0001,0.05,0.0001,4,4,0.25,0.25,8
tsception_odi_min_seed42_frac0.25.json,tsception,odi_min,42,0.25,30,32,0.001,0.0001,0.05,0.0001,4,4,0.25,0.25,8
tsception_odi_min_seed42_frac0.5.json,tsception,odi_min,42,0.5,30,32,0.001,0.0001,0.05,0.0001,4,4,0.25,0.25,8
tsception_odi_min_seed42_frac1.0.json,tsception,odi_min,42,1.0,30,32,0.001,0.0001,0.05,0.0001,4,4,0.25,0.25,8
tsception_odi_min_seed43_frac0.25.json,tsception,odi_min,43,0.25,30,32,0.001,0.0001,0.05,0.0001,4,4,0.25,0.25,8
tsception_odi_min_seed43_frac0.5.json,tsception,odi_min,43,0.5,30,32,0.001,0.0001,0.05,0.0001,4,4,0.25,0.25,8
tsception_odi_min_seed43_frac1.0.json,tsception,odi_min,43,1.0,30,32,0.001,0.0001,0.05,0.0001,4,4,0.25,0.25,8
tsception_taxon_hsdd_seed41_frac0.25.json,tsception,taxon_hsdd,41,0.25,30,32,0.001,0.0001,0.05,0.0001,4,4,0.25,0.25,8
tsception_taxon_hsdd_seed41_frac0.5.json,tsception,taxon_hsdd,41,0.5,30,32,0.001,0.0001,0.05,0.0001,4,4,0.25,0.25,8
tsception_taxon_hsdd_seed41_frac1.0.json,tsception,taxon_hsdd,41,1.0,30,32,0.001,0.0001,0.05,0.0001,4,4,0.25,0.25,8
tsception_taxon_hsdd_seed42_frac0.25.json,tsception,taxon_hsdd,42,0.25,30,32,0.001,0.0001,0.05,0.0001,4,4,0.25,0.25,8
tsception_taxon_hsdd_seed42_frac0.5.json,tsception,taxon_hsdd,42,0.5,30,32,0.001,0.0001,0.05,0.0001,4,4,0.25,0.25,8
tsception_taxon_hsdd_seed42_frac1.0.json,tsception,taxon_hsdd,42,1.0,30,32,0.001,0.0001,0.05,0.0001,4,4,0.25,0.25,8
tsception_taxon_hsdd_seed43_frac0.25.json,tsception,taxon_hsdd,43,0.25,30,32,0.001,0.0001,0.05,0.0001,4,4,0.25,0.25,8
tsception_taxon_hsdd_seed43_frac0.5.json,tsception,taxon_hsdd,43,0.5,30,32,0.001,0.0001,0.05,0.0001,4,4,0.25,0.25,8
tsception_taxon_hsdd_seed43_frac1.0.json,tsception,taxon_hsdd,43,1.0,30,32,0.001,0.0001,0.05,0.0001,4,4,0.25,0.25,8
tsception_weight_orth_seed41_frac0.25.json,tsception,weight_orth,41,0.25,30,32,0.001,0.0001,0.05,0.0001,4,4,0.25,0.25,8
tsception_weight_orth_seed41_frac0.5.json,tsception,weight_orth,41,0.5,30,32,0.001,0.0001,0.05,0.0001,4,4,0.25,0.25,8
tsception_weight_orth_seed41_frac1.0.json,tsception,weight_orth,41,1.0,30,32,0.001,0.0001,0.05,0.0001,4,4,0.25,0.25,8
tsception_weight_orth_seed42_frac0.25.json,tsception,weight_orth,42,0.25,30,32,0.001,0.0001,0.05,0.0001,4,4,0.25,0.25,8
tsception_weight_orth_seed42_frac0.5.json,tsception,weight_orth,42,0.5,30,32,0.001,0.0001,0.05,0.0001,4,4,0.25,0.25,8
tsception_weight_orth_seed42_frac1.0.json,tsception,weight_orth,42,1.0,30,32,0.001,0.0001,0.05,0.0001,4,4,0.25,0.25,8
tsception_weight_orth_seed43_frac0.25.json,tsception,weight_orth,43,0.25,30,32,0.001,0.0001,0.05,0.0001,4,4,0.25,0.25,8
tsception_weight_orth_seed43_frac0.5.json,tsception,weight_orth,43,0.5,30,32,0.001,0.0001,0.05,0.0001,4,4,0.25,0.25,8
tsception_weight_orth_seed43_frac1.0.json,tsception,weight_orth,43,1.0,30,32,0.001,0.0001,0.05,0.0001,4,4,0.25,0.25,8
