contrast_id,family,dataset_scope,model_or_taxon,metric,estimate,ci_low,ci_high,p_value,n,status,source,notes
P01,supervised_feasibility,bci2a,atcnet,training.best_val_acc true-minus-shuffled,0.4131944444444444,,,0.03125,6,primary,reports/paper_statistics/paper_focused_effect_tests.csv,Best supervised static validation contrast for bci2a
P02,supervised_feasibility,sleepedf_full,atcnet,training.best_val_acc true-minus-shuffled,0.4563333333333333,,,0.03125,6,primary,reports/paper_statistics/paper_focused_effect_tests.csv,Best supervised static validation contrast for sleepedf_full
P03,supervised_feasibility,seediv,shallowconvnet,training.best_val_acc true-minus-shuffled,0.08041666666666668,,,0.03125,6,primary,reports/paper_statistics/paper_focused_effect_tests.csv,Best supervised static validation contrast for seediv
P04,supervised_feasibility,p300,tsception,training.best_val_acc true-minus-shuffled,0.26736111111111116,,,0.03125,6,primary,reports/paper_statistics/paper_focused_effect_tests.csv,Best supervised static validation contrast for p300
P05,rotated_subject_robustness,bci2a_rotated_subjects,atcnet,best_val_acc true-minus-shuffled,0.3278034979423868,,,1.4901161193847656e-08,27,primary,reports/bci2a_rotated_subject_stats/rotated_subject_true_vs_shuffled_tests.csv,"Held-out A01-A09 subjects, seeds 41-43."
P06,classical_eeg_anchor,bci2a,fbcsp,val_acc true-minus-shuffled,0.2002314814814815,,,0.03125,6,primary,reports/statistical_completeness/classical_true_vs_shuffled_effect_tests.csv,EEG literature anchor; other classical filter-bank rows remain supplementary.
P07,complementarity,all_datasets_clean_true_only,all_supervised_architectures,constructed CKA/ODI dissociation median ODI difference,0.27504564911339724,0.2667332221934373,0.29941087141079686,,250,primary,reports/tnnls_tier1/cka_odi_dissociation_summary.csv,Constructed pairs have near-matched CKA-input but divergent ODI and validation accuracy; variance-partitioning delta R^2 is retained as a supplementary negative result.
P08,taxonomy_out_of_sample,heldout_dataset_and_seed_splits,architecture_taxonomy_operation_groups,sign_accuracy ODI-accuracy correlation,0.8692982456140351,0.8491228070175438,0.8894736842105263,,1140,primary,reports/tnnls_tier1/taxonomy_oos_sign_summary.csv,"Leave-dataset-out taxonomy sign prediction, compared against majority-class and per-dataset-majority baselines."
P09,subject_unit_bci2a_geometry,bci2a_rotated_subjects,atcnet/classifier,Spearman ODI-accuracy across held-out subjects,-0.7333333333333333,-0.9999999999999999,-0.09369369369369397,0.02455415007146968,9,primary,reports/tnnls_tier1/bci2a_subject_unit_operation_group_correlations.csv,"Subject is the analysis unit; top BCI architecture decision-layer group, seeds 41-43 averaged within subject."
