dataset,arch,epoch,layer,n_epochs,sample_indices,raw_odi,anchored_odi,delta,near_zero_bands_mean
seediv,atcnet,0,conv_block,64,3;9;11;13;19;20;26;27;29;30;32;40;50;56;59;60;66;70;74;75;84;87;88;90;100;102;107;109;115;121;126;131;135;136;138;143;145;146;147;149;153;155;156;157;159;160;162;165;167;168;169;171;172;177;179;181;183;186;188;190;199;202;206;214,0.1123915135189777,0.1123915135189777,0.0,0.0
seediv,atcnet,0,attention_blocks.0,64,3;9;11;13;19;20;26;27;29;30;32;40;50;56;59;60;66;70;74;75;84;87;88;90;100;102;107;109;115;121;126;131;135;136;138;143;145;146;147;149;153;155;156;157;159;160;162;165;167;168;169;171;172;177;179;181;183;186;188;190;199;202;206;214,0.8412902474624275,0.4073573903984864,-0.43393285706394114,0.0
seediv,atcnet,0,attention_blocks.4,64,3;9;11;13;19;20;26;27;29;30;32;40;50;56;59;60;66;70;74;75;84;87;88;90;100;102;107;109;115;121;126;131;135;136;138;143;145;146;147;149;153;155;156;157;159;160;162;165;167;168;169;171;172;177;179;181;183;186;188;190;199;202;206;214,0.8373634258465703,0.42410568850542346,-0.41325773734114685,0.0
seediv,atcnet,0,temporal_conv_nets.0,64,3;9;11;13;19;20;26;27;29;30;32;40;50;56;59;60;66;70;74;75;84;87;88;90;100;102;107;109;115;121;126;131;135;136;138;143;145;146;147;149;153;155;156;157;159;160;162;165;167;168;169;171;172;177;179;181;183;186;188;190;199;202;206;214,0.875653421332171,0.35650227627476755,-0.5191511450574033,0.0
seediv,atcnet,0,temporal_conv_nets.4,64,3;9;11;13;19;20;26;27;29;30;32;40;50;56;59;60;66;70;74;75;84;87;88;90;100;102;107;109;115;121;126;131;135;136;138;143;145;146;147;149;153;155;156;157;159;160;162;165;167;168;169;171;172;177;179;181;183;186;188;190;199;202;206;214,0.8092765225295975,0.4189235449402458,-0.39035297758935167,0.0
seediv,atcnet,0,final_layer.4,64,3;9;11;13;19;20;26;27;29;30;32;40;50;56;59;60;66;70;74;75;84;87;88;90;100;102;107;109;115;121;126;131;135;136;138;143;145;146;147;149;153;155;156;157;159;160;162;165;167;168;169;171;172;177;179;181;183;186;188;190;199;202;206;214,0.8021123967004529,0.5393309241752179,-0.262781472525235,0.0
seediv,atcnet,0,logits,64,3;9;11;13;19;20;26;27;29;30;32;40;50;56;59;60;66;70;74;75;84;87;88;90;100;102;107;109;115;121;126;131;135;136;138;143;145;146;147;149;153;155;156;157;159;160;162;165;167;168;169;171;172;177;179;181;183;186;188;190;199;202;206;214,0.835328488449637,0.517531159226396,-0.317797329223241,0.0
seediv,atcnet,20,conv_block,64,3;9;11;13;19;20;26;27;29;30;32;40;50;56;59;60;66;70;74;75;84;87;88;90;100;102;107;109;115;121;126;131;135;136;138;143;145;146;147;149;153;155;156;157;159;160;162;165;167;168;169;171;172;177;179;181;183;186;188;190;199;202;206;214,0.7588047517966519,0.28937638896971385,-0.469428362826938,0.0
seediv,atcnet,20,attention_blocks.0,64,3;9;11;13;19;20;26;27;29;30;32;40;50;56;59;60;66;70;74;75;84;87;88;90;100;102;107;109;115;121;126;131;135;136;138;143;145;146;147;149;153;155;156;157;159;160;162;165;167;168;169;171;172;177;179;181;183;186;188;190;199;202;206;214,0.7854277492694572,0.3257228446107,-0.45970490465875724,0.0
seediv,atcnet,20,attention_blocks.4,64,3;9;11;13;19;20;26;27;29;30;32;40;50;56;59;60;66;70;74;75;84;87;88;90;100;102;107;109;115;121;126;131;135;136;138;143;145;146;147;149;153;155;156;157;159;160;162;165;167;168;169;171;172;177;179;181;183;186;188;190;199;202;206;214,0.8576461054993004,0.33165196035843925,-0.5259941451408612,0.0
seediv,atcnet,20,temporal_conv_nets.0,64,3;9;11;13;19;20;26;27;29;30;32;40;50;56;59;60;66;70;74;75;84;87;88;90;100;102;107;109;115;121;126;131;135;136;138;143;145;146;147;149;153;155;156;157;159;160;162;165;167;168;169;171;172;177;179;181;183;186;188;190;199;202;206;214,0.8504913760092014,0.39270456803199066,-0.4577868079772108,0.0
seediv,atcnet,20,temporal_conv_nets.4,64,3;9;11;13;19;20;26;27;29;30;32;40;50;56;59;60;66;70;74;75;84;87;88;90;100;102;107;109;115;121;126;131;135;136;138;143;145;146;147;149;153;155;156;157;159;160;162;165;167;168;169;171;172;177;179;181;183;186;188;190;199;202;206;214,0.8957616792143113,0.404552558725257,-0.49120912048905424,0.0
seediv,atcnet,20,final_layer.4,64,3;9;11;13;19;20;26;27;29;30;32;40;50;56;59;60;66;70;74;75;84;87;88;90;100;102;107;109;115;121;126;131;135;136;138;143;145;146;147;149;153;155;156;157;159;160;162;165;167;168;169;171;172;177;179;181;183;186;188;190;199;202;206;214,0.9603869539219714,0.6759123399302833,-0.28447461399168805,0.0
seediv,atcnet,20,logits,64,3;9;11;13;19;20;26;27;29;30;32;40;50;56;59;60;66;70;74;75;84;87;88;90;100;102;107;109;115;121;126;131;135;136;138;143;145;146;147;149;153;155;156;157;159;160;162;165;167;168;169;171;172;177;179;181;183;186;188;190;199;202;206;214,0.944953265870399,0.5235710011401704,-0.42138226473022855,0.0
seediv,eegconformer,0,patch_embedding,64,3;9;11;13;19;20;26;27;29;30;32;40;50;56;59;60;66;70;74;75;84;87;88;90;100;102;107;109;115;121;126;131;135;136;138;143;145;146;147;149;153;155;156;157;159;160;162;165;167;168;169;171;172;177;179;181;183;186;188;190;199;202;206;214,0.9704076931558572,0.10372210368991668,-0.8666855894659405,0.0
seediv,eegconformer,0,transformer.0,64,3;9;11;13;19;20;26;27;29;30;32;40;50;56;59;60;66;70;74;75;84;87;88;90;100;102;107;109;115;121;126;131;135;136;138;143;145;146;147;149;153;155;156;157;159;160;162;165;167;168;169;171;172;177;179;181;183;186;188;190;199;202;206;214,0.9966519339698781,0.3236201308340377,-0.6730318031358404,0.0
seediv,eegconformer,0,transformer.2,64,3;9;11;13;19;20;26;27;29;30;32;40;50;56;59;60;66;70;74;75;84;87;88;90;100;102;107;109;115;121;126;131;135;136;138;143;145;146;147;149;153;155;156;157;159;160;162;165;167;168;169;171;172;177;179;181;183;186;188;190;199;202;206;214,0.9968064537699219,0.4966245860415658,-0.5001818677283562,0.0
seediv,eegconformer,0,transformer.5,64,3;9;11;13;19;20;26;27;29;30;32;40;50;56;59;60;66;70;74;75;84;87;88;90;100;102;107;109;115;121;126;131;135;136;138;143;145;146;147;149;153;155;156;157;159;160;162;165;167;168;169;171;172;177;179;181;183;186;188;190;199;202;206;214,0.9972597732019619,0.6058509867375401,-0.3914087864644218,0.0
seediv,eegconformer,0,fc,64,3;9;11;13;19;20;26;27;29;30;32;40;50;56;59;60;66;70;74;75;84;87;88;90;100;102;107;109;115;121;126;131;135;136;138;143;145;146;147;149;153;155;156;157;159;160;162;165;167;168;169;171;172;177;179;181;183;186;188;190;199;202;206;214,0.9970230150879678,0.6635786978757141,-0.33344431721225365,0.0
seediv,eegconformer,0,logits,64,3;9;11;13;19;20;26;27;29;30;32;40;50;56;59;60;66;70;74;75;84;87;88;90;100;102;107;109;115;121;126;131;135;136;138;143;145;146;147;149;153;155;156;157;159;160;162;165;167;168;169;171;172;177;179;181;183;186;188;190;199;202;206;214,0.9991099528860701,0.7888220156864773,-0.21028793719959282,0.0
seediv,eegconformer,20,patch_embedding,64,3;9;11;13;19;20;26;27;29;30;32;40;50;56;59;60;66;70;74;75;84;87;88;90;100;102;107;109;115;121;126;131;135;136;138;143;145;146;147;149;153;155;156;157;159;160;162;165;167;168;169;171;172;177;179;181;183;186;188;190;199;202;206;214,0.6778590634648732,0.1830579833637151,-0.49480108010115814,0.0
seediv,eegconformer,20,transformer.0,64,3;9;11;13;19;20;26;27;29;30;32;40;50;56;59;60;66;70;74;75;84;87;88;90;100;102;107;109;115;121;126;131;135;136;138;143;145;146;147;149;153;155;156;157;159;160;162;165;167;168;169;171;172;177;179;181;183;186;188;190;199;202;206;214,0.7265895153506419,0.5804710171944986,-0.1461184981561433,0.0
seediv,eegconformer,20,transformer.2,64,3;9;11;13;19;20;26;27;29;30;32;40;50;56;59;60;66;70;74;75;84;87;88;90;100;102;107;109;115;121;126;131;135;136;138;143;145;146;147;149;153;155;156;157;159;160;162;165;167;168;169;171;172;177;179;181;183;186;188;190;199;202;206;214,0.7081581100466114,0.6785922201712943,-0.029565889875317164,0.0
seediv,eegconformer,20,transformer.5,64,3;9;11;13;19;20;26;27;29;30;32;40;50;56;59;60;66;70;74;75;84;87;88;90;100;102;107;109;115;121;126;131;135;136;138;143;145;146;147;149;153;155;156;157;159;160;162;165;167;168;169;171;172;177;179;181;183;186;188;190;199;202;206;214,0.7495753540912431,0.6543276831320268,-0.09524767095921627,0.0
seediv,eegconformer,20,fc,64,3;9;11;13;19;20;26;27;29;30;32;40;50;56;59;60;66;70;74;75;84;87;88;90;100;102;107;109;115;121;126;131;135;136;138;143;145;146;147;149;153;155;156;157;159;160;162;165;167;168;169;171;172;177;179;181;183;186;188;190;199;202;206;214,0.8114964738451298,0.7404384482170852,-0.07105802562804464,0.0
seediv,eegconformer,20,logits,64,3;9;11;13;19;20;26;27;29;30;32;40;50;56;59;60;66;70;74;75;84;87;88;90;100;102;107;109;115;121;126;131;135;136;138;143;145;146;147;149;153;155;156;157;159;160;162;165;167;168;169;171;172;177;179;181;183;186;188;190;199;202;206;214,0.8858513050209704,0.7803186398307896,-0.10553266519018079,0.0
seediv,eegnet,0,conv_temporal,64,3;9;11;13;19;20;26;27;29;30;32;40;50;56;59;60;66;70;74;75;84;87;88;90;100;102;107;109;115;121;126;131;135;136;138;143;145;146;147;149;153;155;156;157;159;160;162;165;167;168;169;171;172;177;179;181;183;186;188;190;199;202;206;214,0.00449948932497244,0.00449948932497244,0.0,0.0
seediv,eegnet,0,conv_spatial,64,3;9;11;13;19;20;26;27;29;30;32;40;50;56;59;60;66;70;74;75;84;87;88;90;100;102;107;109;115;121;126;131;135;136;138;143;145;146;147;149;153;155;156;157;159;160;162;165;167;168;169;171;172;177;179;181;183;186;188;190;199;202;206;214,0.006374197753700043,0.006374197753700043,0.0,0.0
seediv,eegnet,0,bnorm_1,64,3;9;11;13;19;20;26;27;29;30;32;40;50;56;59;60;66;70;74;75;84;87;88;90;100;102;107;109;115;121;126;131;135;136;138;143;145;146;147;149;153;155;156;157;159;160;162;165;167;168;169;171;172;177;179;181;183;186;188;190;199;202;206;214,0.006374197739118635,0.006374197739118635,0.0,0.0
seediv,eegnet,0,conv_separable_depth,64,3;9;11;13;19;20;26;27;29;30;32;40;50;56;59;60;66;70;74;75;84;87;88;90;100;102;107;109;115;121;126;131;135;136;138;143;145;146;147;149;153;155;156;157;159;160;162;165;167;168;169;171;172;177;179;181;183;186;188;190;199;202;206;214,0.01474736916439082,0.01474736916439082,0.0,0.0
seediv,eegnet,0,bnorm_2,64,3;9;11;13;19;20;26;27;29;30;32;40;50;56;59;60;66;70;74;75;84;87;88;90;100;102;107;109;115;121;126;131;135;136;138;143;145;146;147;149;153;155;156;157;159;160;162;165;167;168;169;171;172;177;179;181;183;186;188;190;199;202;206;214,0.016625314059437634,0.016625314059437634,0.0,0.0
seediv,eegnet,0,pool_2,64,3;9;11;13;19;20;26;27;29;30;32;40;50;56;59;60;66;70;74;75;84;87;88;90;100;102;107;109;115;121;126;131;135;136;138;143;145;146;147;149;153;155;156;157;159;160;162;165;167;168;169;171;172;177;179;181;183;186;188;190;199;202;206;214,0.10157632981285568,0.10157632981285568,0.0,0.0
seediv,eegnet,0,logits,64,3;9;11;13;19;20;26;27;29;30;32;40;50;56;59;60;66;70;74;75;84;87;88;90;100;102;107;109;115;121;126;131;135;136;138;143;145;146;147;149;153;155;156;157;159;160;162;165;167;168;169;171;172;177;179;181;183;186;188;190;199;202;206;214,0.43813958904700323,0.43813958904700323,0.0,0.0
seediv,eegnet,20,conv_temporal,64,3;9;11;13;19;20;26;27;29;30;32;40;50;56;59;60;66;70;74;75;84;87;88;90;100;102;107;109;115;121;126;131;135;136;138;143;145;146;147;149;153;155;156;157;159;160;162;165;167;168;169;171;172;177;179;181;183;186;188;190;199;202;206;214,0.0065146782076176074,0.0065146782076176074,0.0,0.0
seediv,eegnet,20,conv_spatial,64,3;9;11;13;19;20;26;27;29;30;32;40;50;56;59;60;66;70;74;75;84;87;88;90;100;102;107;109;115;121;126;131;135;136;138;143;145;146;147;149;153;155;156;157;159;160;162;165;167;168;169;171;172;177;179;181;183;186;188;190;199;202;206;214,0.01287492883692633,0.009262145448357122,-0.0036127833885692077,0.0
seediv,eegnet,20,bnorm_1,64,3;9;11;13;19;20;26;27;29;30;32;40;50;56;59;60;66;70;74;75;84;87;88;90;100;102;107;109;115;121;126;131;135;136;138;143;145;146;147;149;153;155;156;157;159;160;162;165;167;168;169;171;172;177;179;181;183;186;188;190;199;202;206;214,0.37341468056810934,0.009533096521896548,-0.3638815840462128,0.0
seediv,eegnet,20,conv_separable_depth,64,3;9;11;13;19;20;26;27;29;30;32;40;50;56;59;60;66;70;74;75;84;87;88;90;100;102;107;109;115;121;126;131;135;136;138;143;145;146;147;149;153;155;156;157;159;160;162;165;167;168;169;171;172;177;179;181;183;186;188;190;199;202;206;214,0.4861004137611884,0.03602873115026749,-0.4500716826109209,0.0
seediv,eegnet,20,bnorm_2,64,3;9;11;13;19;20;26;27;29;30;32;40;50;56;59;60;66;70;74;75;84;87;88;90;100;102;107;109;115;121;126;131;135;136;138;143;145;146;147;149;153;155;156;157;159;160;162;165;167;168;169;171;172;177;179;181;183;186;188;190;199;202;206;214,0.5699683143931298,0.03430601532716646,-0.5356622990659633,0.0
seediv,eegnet,20,pool_2,64,3;9;11;13;19;20;26;27;29;30;32;40;50;56;59;60;66;70;74;75;84;87;88;90;100;102;107;109;115;121;126;131;135;136;138;143;145;146;147;149;153;155;156;157;159;160;162;165;167;168;169;171;172;177;179;181;183;186;188;190;199;202;206;214,0.7367693645302781,0.22701061669844025,-0.5097587478318378,0.0
seediv,eegnet,20,logits,64,3;9;11;13;19;20;26;27;29;30;32;40;50;56;59;60;66;70;74;75;84;87;88;90;100;102;107;109;115;121;126;131;135;136;138;143;145;146;147;149;153;155;156;157;159;160;162;165;167;168;169;171;172;177;179;181;183;186;188;190;199;202;206;214,0.9057754303847261,0.5210566918377824,-0.3847187385469437,0.0
seediv,shallowconvnet,0,conv_time_spat,64,3;9;11;13;19;20;26;27;29;30;32;40;50;56;59;60;66;70;74;75;84;87;88;90;100;102;107;109;115;121;126;131;135;136;138;143;145;146;147;149;153;155;156;157;159;160;162;165;167;168;169;171;172;177;179;181;183;186;188;190;199;202;206;214,0.00798387153020569,0.00798387153020569,0.0,0.0
seediv,shallowconvnet,0,bnorm,64,3;9;11;13;19;20;26;27;29;30;32;40;50;56;59;60;66;70;74;75;84;87;88;90;100;102;107;109;115;121;126;131;135;136;138;143;145;146;147;149;153;155;156;157;159;160;162;165;167;168;169;171;172;177;179;181;183;186;188;190;199;202;206;214,0.007983871538931899,0.007983871538931899,0.0,0.0
seediv,shallowconvnet,0,conv_nonlin_exp,64,3;9;11;13;19;20;26;27;29;30;32;40;50;56;59;60;66;70;74;75;84;87;88;90;100;102;107;109;115;121;126;131;135;136;138;143;145;146;147;149;153;155;156;157;159;160;162;165;167;168;169;171;172;177;179;181;183;186;188;190;199;202;206;214,0.26943017222760907,0.26943017222760907,0.0,0.0
seediv,shallowconvnet,0,pool,64,3;9;11;13;19;20;26;27;29;30;32;40;50;56;59;60;66;70;74;75;84;87;88;90;100;102;107;109;115;121;126;131;135;136;138;143;145;146;147;149;153;155;156;157;159;160;162;165;167;168;169;171;172;177;179;181;183;186;188;190;199;202;206;214,0.5755722536838751,0.5755722536838751,0.0,0.0
seediv,shallowconvnet,0,pool_nonlin_exp,64,3;9;11;13;19;20;26;27;29;30;32;40;50;56;59;60;66;70;74;75;84;87;88;90;100;102;107;109;115;121;126;131;135;136;138;143;145;146;147;149;153;155;156;157;159;160;162;165;167;168;169;171;172;177;179;181;183;186;188;190;199;202;206;214,0.9819019128490147,0.9865565619976011,0.004654649148586376,0.0
seediv,shallowconvnet,0,logits,64,3;9;11;13;19;20;26;27;29;30;32;40;50;56;59;60;66;70;74;75;84;87;88;90;100;102;107;109;115;121;126;131;135;136;138;143;145;146;147;149;153;155;156;157;159;160;162;165;167;168;169;171;172;177;179;181;183;186;188;190;199;202;206;214,0.9875353775661001,0.9908186194836216,0.0032832419175214955,0.0
seediv,shallowconvnet,20,conv_time_spat,64,3;9;11;13;19;20;26;27;29;30;32;40;50;56;59;60;66;70;74;75;84;87;88;90;100;102;107;109;115;121;126;131;135;136;138;143;145;146;147;149;153;155;156;157;159;160;162;165;167;168;169;171;172;177;179;181;183;186;188;190;199;202;206;214,0.23038834940081288,0.008811422781641322,-0.22157692661917155,0.0
seediv,shallowconvnet,20,bnorm,64,3;9;11;13;19;20;26;27;29;30;32;40;50;56;59;60;66;70;74;75;84;87;88;90;100;102;107;109;115;121;126;131;135;136;138;143;145;146;147;149;153;155;156;157;159;160;162;165;167;168;169;171;172;177;179;181;183;186;188;190;199;202;206;214,0.03902971585590695,0.008875057217286516,-0.030154658638620435,0.0
seediv,shallowconvnet,20,conv_nonlin_exp,64,3;9;11;13;19;20;26;27;29;30;32;40;50;56;59;60;66;70;74;75;84;87;88;90;100;102;107;109;115;121;126;131;135;136;138;143;145;146;147;149;153;155;156;157;159;160;162;165;167;168;169;171;172;177;179;181;183;186;188;190;199;202;206;214,0.2710443012869446,0.2525266398065212,-0.018517661480423442,0.0
seediv,shallowconvnet,20,pool,64,3;9;11;13;19;20;26;27;29;30;32;40;50;56;59;60;66;70;74;75;84;87;88;90;100;102;107;109;115;121;126;131;135;136;138;143;145;146;147;149;153;155;156;157;159;160;162;165;167;168;169;171;172;177;179;181;183;186;188;190;199;202;206;214,0.5822485579311978,0.5591991892539834,-0.02304936867721441,0.0
seediv,shallowconvnet,20,pool_nonlin_exp,64,3;9;11;13;19;20;26;27;29;30;32;40;50;56;59;60;66;70;74;75;84;87;88;90;100;102;107;109;115;121;126;131;135;136;138;143;145;146;147;149;153;155;156;157;159;160;162;165;167;168;169;171;172;177;179;181;183;186;188;190;199;202;206;214,0.8680460141484203,0.9703866670365371,0.10234065288811678,0.0
seediv,shallowconvnet,20,logits,64,3;9;11;13;19;20;26;27;29;30;32;40;50;56;59;60;66;70;74;75;84;87;88;90;100;102;107;109;115;121;126;131;135;136;138;143;145;146;147;149;153;155;156;157;159;160;162;165;167;168;169;171;172;177;179;181;183;186;188;190;199;202;206;214,0.686790968215103,0.9317655027983196,0.2449745345832166,0.0
seediv,tsception,0,temporal_blocks.0,64,3;9;11;13;19;20;26;27;29;30;32;40;50;56;59;60;66;70;74;75;84;87;88;90;100;102;107;109;115;121;126;131;135;136;138;143;145;146;147;149;153;155;156;157;159;160;162;165;167;168;169;171;172;177;179;181;183;186;188;190;199;202;206;214,0.5731246921132789,0.21447169582204,-0.35865299629123887,0.0
seediv,tsception,0,temporal_blocks.2,64,3;9;11;13;19;20;26;27;29;30;32;40;50;56;59;60;66;70;74;75;84;87;88;90;100;102;107;109;115;121;126;131;135;136;138;143;145;146;147;149;153;155;156;157;159;160;162;165;167;168;169;171;172;177;179;181;183;186;188;190;199;202;206;214,0.6711237812668126,0.1605076636549343,-0.5106161176118783,0.0
seediv,tsception,0,batch_temporal_lay,64,3;9;11;13;19;20;26;27;29;30;32;40;50;56;59;60;66;70;74;75;84;87;88;90;100;102;107;109;115;121;126;131;135;136;138;143;145;146;147;149;153;155;156;157;159;160;162;165;167;168;169;171;172;177;179;181;183;186;188;190;199;202;206;214,0.5349652162089139,0.1719366931015361,-0.3630285231073778,0.0
seediv,tsception,0,spatial_block_1,64,3;9;11;13;19;20;26;27;29;30;32;40;50;56;59;60;66;70;74;75;84;87;88;90;100;102;107;109;115;121;126;131;135;136;138;143;145;146;147;149;153;155;156;157;159;160;162;165;167;168;169;171;172;177;179;181;183;186;188;190;199;202;206;214,0.7425690585600626,0.34019186798827933,-0.4023771905717833,0.0
seediv,tsception,0,spatial_block_2,64,3;9;11;13;19;20;26;27;29;30;32;40;50;56;59;60;66;70;74;75;84;87;88;90;100;102;107;109;115;121;126;131;135;136;138;143;145;146;147;149;153;155;156;157;159;160;162;165;167;168;169;171;172;177;179;181;183;186;188;190;199;202;206;214,0.8767474287671262,0.42441043015697233,-0.45233699861015386,0.0
seediv,tsception,0,batch_spatial_lay,64,3;9;11;13;19;20;26;27;29;30;32;40;50;56;59;60;66;70;74;75;84;87;88;90;100;102;107;109;115;121;126;131;135;136;138;143;145;146;147;149;153;155;156;157;159;160;162;165;167;168;169;171;172;177;179;181;183;186;188;190;199;202;206;214,0.7472738180106092,0.396740605081509,-0.3505332129291002,0.0
seediv,tsception,0,dense_layer,64,3;9;11;13;19;20;26;27;29;30;32;40;50;56;59;60;66;70;74;75;84;87;88;90;100;102;107;109;115;121;126;131;135;136;138;143;145;146;147;149;153;155;156;157;159;160;162;165;167;168;169;171;172;177;179;181;183;186;188;190;199;202;206;214,0.8218336714081214,0.3668027799647138,-0.4550308914434076,0.0
seediv,tsception,0,logits,64,3;9;11;13;19;20;26;27;29;30;32;40;50;56;59;60;66;70;74;75;84;87;88;90;100;102;107;109;115;121;126;131;135;136;138;143;145;146;147;149;153;155;156;157;159;160;162;165;167;168;169;171;172;177;179;181;183;186;188;190;199;202;206;214,0.9752219955274541,0.4496913526619829,-0.5255306428654712,0.0
seediv,tsception,20,temporal_blocks.0,64,3;9;11;13;19;20;26;27;29;30;32;40;50;56;59;60;66;70;74;75;84;87;88;90;100;102;107;109;115;121;126;131;135;136;138;143;145;146;147;149;153;155;156;157;159;160;162;165;167;168;169;171;172;177;179;181;183;186;188;190;199;202;206;214,0.5290886835316119,0.2374929463304484,-0.2915957372011635,0.0
seediv,tsception,20,temporal_blocks.2,64,3;9;11;13;19;20;26;27;29;30;32;40;50;56;59;60;66;70;74;75;84;87;88;90;100;102;107;109;115;121;126;131;135;136;138;143;145;146;147;149;153;155;156;157;159;160;162;165;167;168;169;171;172;177;179;181;183;186;188;190;199;202;206;214,0.613913680409935,0.14051573810991141,-0.4733979423000236,0.0
seediv,tsception,20,batch_temporal_lay,64,3;9;11;13;19;20;26;27;29;30;32;40;50;56;59;60;66;70;74;75;84;87;88;90;100;102;107;109;115;121;126;131;135;136;138;143;145;146;147;149;153;155;156;157;159;160;162;165;167;168;169;171;172;177;179;181;183;186;188;190;199;202;206;214,0.6294832411763847,0.19085510329865268,-0.43862813787773197,0.0
seediv,tsception,20,spatial_block_1,64,3;9;11;13;19;20;26;27;29;30;32;40;50;56;59;60;66;70;74;75;84;87;88;90;100;102;107;109;115;121;126;131;135;136;138;143;145;146;147;149;153;155;156;157;159;160;162;165;167;168;169;171;172;177;179;181;183;186;188;190;199;202;206;214,0.7956404425466753,0.2830862002924204,-0.5125542422542549,0.0
seediv,tsception,20,spatial_block_2,64,3;9;11;13;19;20;26;27;29;30;32;40;50;56;59;60;66;70;74;75;84;87;88;90;100;102;107;109;115;121;126;131;135;136;138;143;145;146;147;149;153;155;156;157;159;160;162;165;167;168;169;171;172;177;179;181;183;186;188;190;199;202;206;214,0.7419303093437555,0.2505048470175298,-0.4914254623262257,0.0
seediv,tsception,20,batch_spatial_lay,64,3;9;11;13;19;20;26;27;29;30;32;40;50;56;59;60;66;70;74;75;84;87;88;90;100;102;107;109;115;121;126;131;135;136;138;143;145;146;147;149;153;155;156;157;159;160;162;165;167;168;169;171;172;177;179;181;183;186;188;190;199;202;206;214,0.6177394876999605,0.24800020137429274,-0.3697392863256677,0.0
seediv,tsception,20,dense_layer,64,3;9;11;13;19;20;26;27;29;30;32;40;50;56;59;60;66;70;74;75;84;87;88;90;100;102;107;109;115;121;126;131;135;136;138;143;145;146;147;149;153;155;156;157;159;160;162;165;167;168;169;171;172;177;179;181;183;186;188;190;199;202;206;214,0.5925346886839298,0.5089893950863555,-0.08354529359757423,0.0
seediv,tsception,20,logits,64,3;9;11;13;19;20;26;27;29;30;32;40;50;56;59;60;66;70;74;75;84;87;88;90;100;102;107;109;115;121;126;131;135;136;138;143;145;146;147;149;153;155;156;157;159;160;162;165;167;168;169;171;172;177;179;181;183;186;188;190;199;202;206;214,0.6817013692176956,0.7059796311795641,0.02427826196186844,0.0
