evaluation_scope,predictor,dataset,n_predictions,sign_accuracy,ci_low,ci_high,split_protocol,excluded_configs,unit
leave_dataset_out,taxonomy,all_datasets,1140,0.8692982456140351,0.8491228070175438,0.8894736842105263,train on all non-held-out units; predict held-out dataset or seed,p300/atcnet,dataset|seed|architecture-taxonomy|operation-group|layer trajectory
leave_dataset_out,taxonomy,bci2a,300,0.8466666666666667,0.8033333333333333,0.8833333333333333,train on all non-held-out units; predict held-out dataset or seed,p300/atcnet,dataset|seed|architecture-taxonomy|operation-group|layer trajectory
leave_dataset_out,taxonomy,p300,240,0.8583333333333333,0.8125,0.9,train on all non-held-out units; predict held-out dataset or seed,p300/atcnet,dataset|seed|architecture-taxonomy|operation-group|layer trajectory
leave_dataset_out,taxonomy,seediv,300,0.83,0.7899166666666667,0.8733333333333333,train on all non-held-out units; predict held-out dataset or seed,p300/atcnet,dataset|seed|architecture-taxonomy|operation-group|layer trajectory
leave_dataset_out,taxonomy,sleepedf_full,300,0.94,0.9133333333333333,0.9633333333333334,train on all non-held-out units; predict held-out dataset or seed,p300/atcnet,dataset|seed|architecture-taxonomy|operation-group|layer trajectory
leave_dataset_out,majority_class,all_datasets,1140,0.5692982456140351,0.5420833333333334,0.5973684210526315,train on all non-held-out units; predict held-out dataset or seed,p300/atcnet,dataset|seed|architecture-taxonomy|operation-group|layer trajectory
leave_dataset_out,majority_class,bci2a,300,0.5533333333333333,0.49666666666666665,0.61,train on all non-held-out units; predict held-out dataset or seed,p300/atcnet,dataset|seed|architecture-taxonomy|operation-group|layer trajectory
leave_dataset_out,majority_class,p300,240,0.5,0.4375,0.5625,train on all non-held-out units; predict held-out dataset or seed,p300/atcnet,dataset|seed|architecture-taxonomy|operation-group|layer trajectory
leave_dataset_out,majority_class,seediv,300,0.5833333333333334,0.5266666666666666,0.6433333333333333,train on all non-held-out units; predict held-out dataset or seed,p300/atcnet,dataset|seed|architecture-taxonomy|operation-group|layer trajectory
leave_dataset_out,majority_class,sleepedf_full,300,0.6266666666666667,0.57,0.68,train on all non-held-out units; predict held-out dataset or seed,p300/atcnet,dataset|seed|architecture-taxonomy|operation-group|layer trajectory
leave_dataset_out,per_dataset_majority,all_datasets,1140,0.5692982456140351,0.5412280701754386,0.5982456140350877,train on all non-held-out units; predict held-out dataset or seed,p300/atcnet,dataset|seed|architecture-taxonomy|operation-group|layer trajectory
leave_dataset_out,per_dataset_majority,bci2a,300,0.5533333333333333,0.49666666666666665,0.6066666666666667,train on all non-held-out units; predict held-out dataset or seed,p300/atcnet,dataset|seed|architecture-taxonomy|operation-group|layer trajectory
leave_dataset_out,per_dataset_majority,p300,240,0.5,0.43333333333333335,0.5626041666666666,train on all non-held-out units; predict held-out dataset or seed,p300/atcnet,dataset|seed|architecture-taxonomy|operation-group|layer trajectory
leave_dataset_out,per_dataset_majority,seediv,300,0.5833333333333334,0.5233333333333333,0.6400833333333332,train on all non-held-out units; predict held-out dataset or seed,p300/atcnet,dataset|seed|architecture-taxonomy|operation-group|layer trajectory
leave_dataset_out,per_dataset_majority,sleepedf_full,300,0.6266666666666667,0.5733333333333334,0.68,train on all non-held-out units; predict held-out dataset or seed,p300/atcnet,dataset|seed|architecture-taxonomy|operation-group|layer trajectory
leave_seed_out,taxonomy,all_datasets,1140,0.8692982456140351,0.8491228070175438,0.8885964912280702,train on all non-held-out units; predict held-out dataset or seed,p300/atcnet,dataset|seed|architecture-taxonomy|operation-group|layer trajectory
leave_seed_out,taxonomy,bci2a,300,0.8466666666666667,0.8033333333333333,0.8833333333333333,train on all non-held-out units; predict held-out dataset or seed,p300/atcnet,dataset|seed|architecture-taxonomy|operation-group|layer trajectory
leave_seed_out,taxonomy,p300,240,0.8583333333333333,0.8166666666666667,0.9083333333333333,train on all non-held-out units; predict held-out dataset or seed,p300/atcnet,dataset|seed|architecture-taxonomy|operation-group|layer trajectory
leave_seed_out,taxonomy,seediv,300,0.83,0.79,0.87,train on all non-held-out units; predict held-out dataset or seed,p300/atcnet,dataset|seed|architecture-taxonomy|operation-group|layer trajectory
leave_seed_out,taxonomy,sleepedf_full,300,0.94,0.9133333333333333,0.9666666666666667,train on all non-held-out units; predict held-out dataset or seed,p300/atcnet,dataset|seed|architecture-taxonomy|operation-group|layer trajectory
leave_seed_out,majority_class,all_datasets,1140,0.5692982456140351,0.5421052631578948,0.5965131578947368,train on all non-held-out units; predict held-out dataset or seed,p300/atcnet,dataset|seed|architecture-taxonomy|operation-group|layer trajectory
leave_seed_out,majority_class,bci2a,300,0.5533333333333333,0.5033333333333333,0.6133333333333333,train on all non-held-out units; predict held-out dataset or seed,p300/atcnet,dataset|seed|architecture-taxonomy|operation-group|layer trajectory
leave_seed_out,majority_class,p300,240,0.5,0.4373958333333333,0.5583333333333333,train on all non-held-out units; predict held-out dataset or seed,p300/atcnet,dataset|seed|architecture-taxonomy|operation-group|layer trajectory
leave_seed_out,majority_class,seediv,300,0.5833333333333334,0.53,0.6366666666666667,train on all non-held-out units; predict held-out dataset or seed,p300/atcnet,dataset|seed|architecture-taxonomy|operation-group|layer trajectory
leave_seed_out,majority_class,sleepedf_full,300,0.6266666666666667,0.5666666666666667,0.68,train on all non-held-out units; predict held-out dataset or seed,p300/atcnet,dataset|seed|architecture-taxonomy|operation-group|layer trajectory
leave_seed_out,per_dataset_majority,all_datasets,1140,0.5605263157894737,0.5307017543859649,0.5885964912280702,train on all non-held-out units; predict held-out dataset or seed,p300/atcnet,dataset|seed|architecture-taxonomy|operation-group|layer trajectory
leave_seed_out,per_dataset_majority,bci2a,300,0.5533333333333333,0.49333333333333335,0.6066666666666667,train on all non-held-out units; predict held-out dataset or seed,p300/atcnet,dataset|seed|architecture-taxonomy|operation-group|layer trajectory
leave_seed_out,per_dataset_majority,p300,240,0.4583333333333333,0.3958333333333333,0.5166666666666667,train on all non-held-out units; predict held-out dataset or seed,p300/atcnet,dataset|seed|architecture-taxonomy|operation-group|layer trajectory
leave_seed_out,per_dataset_majority,seediv,300,0.5833333333333334,0.5333333333333333,0.64,train on all non-held-out units; predict held-out dataset or seed,p300/atcnet,dataset|seed|architecture-taxonomy|operation-group|layer trajectory
leave_seed_out,per_dataset_majority,sleepedf_full,300,0.6266666666666667,0.57,0.6833333333333333,train on all non-held-out units; predict held-out dataset or seed,p300/atcnet,dataset|seed|architecture-taxonomy|operation-group|layer trajectory
