arch,scope,n_pairs,delta_band_noise_acc_arm4_minus_arm2_mean,delta_band_noise_acc_arm4_minus_arm2_std,delta_band_noise_acc_arm4_minus_arm2_ci_low,delta_band_noise_acc_arm4_minus_arm2_ci_high,delta_band_noise_drop_arm4_minus_arm2_mean,delta_band_noise_drop_arm4_minus_arm2_std,delta_band_noise_drop_arm4_minus_arm2_ci_low,delta_band_noise_drop_arm4_minus_arm2_ci_high,delta_channel_dropout_acc_arm4_minus_arm2_mean,delta_channel_dropout_acc_arm4_minus_arm2_std,delta_channel_dropout_acc_arm4_minus_arm2_ci_low,delta_channel_dropout_acc_arm4_minus_arm2_ci_high,delta_channel_dropout_drop_arm4_minus_arm2_mean,delta_channel_dropout_drop_arm4_minus_arm2_std,delta_channel_dropout_drop_arm4_minus_arm2_ci_low,delta_channel_dropout_drop_arm4_minus_arm2_ci_high,delta_clean_ece_arm4_minus_arm2_mean,delta_clean_ece_arm4_minus_arm2_std,delta_clean_ece_arm4_minus_arm2_ci_low,delta_clean_ece_arm4_minus_arm2_ci_high,delta_clean_acc_arm4_minus_arm2_mean,delta_clean_acc_arm4_minus_arm2_std,delta_clean_acc_arm4_minus_arm2_ci_low,delta_clean_acc_arm4_minus_arm2_ci_high
all,all,45,-0.004120370370370373,0.020097702572914048,-0.010354938271604957,0.0010652006172839402,-0.0003549382716049401,0.007158356628159301,-0.002592592592592592,0.0016512345679012368,-0.0023437499999999964,0.00908324564047536,-0.005179639274691362,1.9290123456795636e-05,-0.0021315586419753114,0.020781650793243372,-0.008777247299382724,0.003298611111111108,-0.001132058520099998,0.01889076241111535,-0.006816742574267181,0.004135203323338505,-0.00447530864197531,0.022908322036157155,-0.011496913580246914,0.0015432098765432068
atcnet,all_fractions,9,-0.0006944444444444667,0.0017010345435994288,-0.001774691358024722,0.0003086419753086285,0.0003086419753086451,0.0015571324128557525,-0.0005401234567901211,0.0013888888888888894,-0.0002893518518518539,0.0010850694444444356,-0.0009162808641975322,0.0003858024691358011,-9.645061728395182e-05,0.0012797892081129999,-0.0008680555555555617,0.000675154320987655,-0.00206682695374813,0.006510840154831338,-0.006322283180499526,0.0018307680011163472,-0.0003858024691358011,0.0011574074074074034,-0.0011574074074074032,0.0
atcnet,fraction_0.25,3,-0.0011574074074074032,0.0020046884346861934,-0.00347222222222221,0.0,0.001157407407407408,0.0020046884346862103,-1.0408340855860843e-17,0.003472222222222234,-0.0005787037037036832,0.0006629883817933379,-0.0013020833333332593,0.0,0.0005787037037037063,0.0006629883817933576,2.7755575615628914e-17,0.0013020833333333148,0.0022836772173091178,0.0031892462550736364,-0.00010056421160697937,0.005906402029924929,0.0,0.0,0.0,0.0
atcnet,fraction_0.5,3,-0.0009259259259259967,0.0017476468600163783,-0.002777777777777879,0.000694444444444331,-0.00023148148148147257,0.0008018753738744704,-0.000694444444444442,0.000694444444444442,-0.0008680555555555802,0.0011483295620939866,-0.001736111111111105,0.0004340277777777346,-0.0002893518518518601,0.001957139649662715,-0.002170138888888895,0.001736111111111105,-0.010359325791122748,0.0006233938081472096,-0.010861198935243815,-0.009661497341261996,-0.0011574074074074032,0.0020046884346861934,-0.00347222222222221,0.0
atcnet,fraction_1,3,0.0,0.0018373272993504038,-0.002083333333333326,0.001388888888888884,0.0,0.0018373272993504038,-0.001388888888888884,0.002083333333333326,0.0005787037037037016,0.0010922792875102374,-0.0004340277777777901,0.001736111111111105,-0.0005787037037037016,0.0010922792875102374,-0.001736111111111105,0.0004340277777777901,0.0018751677125692413,0.0020387811020897754,3.868020657035731e-05,0.00406899510158433,0.0,0.0,0.0,0.0
eegconformer,all_fractions,9,-0.02083333333333334,0.03823072771563039,-0.045061728395061784,0.001774691358024716,0.0011574074074074082,0.006615471834464467,-0.002854938271604938,0.005401234567901234,-0.006317515432098754,0.014683537408630617,-0.016203703703703706,0.0013503086419753346,-0.013358410493827156,0.040252875323005706,-0.03877314814814815,0.00858531057098764,-0.002097333080054808,0.029720444985352014,-0.021844317525464268,0.014514774731705293,-0.019675925925925923,0.041594265801079666,-0.04629629629629631,0.004629629629629638
eegconformer,fraction_0.25,3,0.006018518518518534,0.01170985173142756,-0.002083333333333326,0.019444444444444486,0.0032407407407407363,0.0046238389711662446,-0.0006944444444444307,0.008333333333333337,0.0008680555555555802,0.002416564393589433,-0.0013020833333333148,0.0034722222222222654,0.008391203703703705,0.013809542591843377,-0.0004340277777777832,0.024305555555555563,0.004703440151556761,0.008768590906899274,-0.0024598486100633962,0.014482152958710977,0.009259259259259264,0.016037507477489613,0.0,0.02777777777777779
eegconformer,fraction_0.5,3,-0.04699074074074078,0.012233528020114572,-0.05833333333333329,-0.03402777777777788,0.00416666666666667,0.007825991437211565,-0.000694444444444442,0.013194444444444453,-0.015480324074074089,0.025204771981494838,-0.03993055555555558,0.010416666666666685,-0.02734374999999999,0.03653833401939407,-0.06944444444444445,-0.0039062499999999722,0.014791090938228148,0.0270116466589007,-0.013526863004598363,0.0402725750787391,-0.04282407407407407,0.019743891330129625,-0.05902777777777779,-0.020833333333333315
eegconformer,fraction_1,3,-0.021527777777777774,0.05874523884043507,-0.08680555555555564,0.027083333333333348,-0.003935185185185182,0.005782405554072611,-0.010416666666666685,0.0006944444444444645,-0.004340277777777753,0.0034722222222222376,-0.0078125,-0.0008680555555555247,-0.02112268518518518,0.06214534147527225,-0.08940972222222227,0.032118055555555566,-0.025786530329949334,0.037252261484656025,-0.06837349043538174,0.0007504321013887538,-0.025462962962962965,0.06452481418873315,-0.09722222222222227,0.02777777777777779
eegnet,all_fractions,9,-0.0027006172839506262,0.01417859504470385,-0.012114197530864203,0.005169753086419716,-0.0038580246913580358,0.011030037940480986,-0.011033950617283945,0.002623456790123455,-0.003375771604938269,0.012885907149395515,-0.012586805555555532,0.003423996913580233,-0.0031828703703703884,0.017257721659783898,-0.01485339506172841,0.005787037037037023,-0.00679656820670691,0.022248671779460705,-0.01993658183297763,0.007549874401754754,-0.0065586419753086555,0.02395861289870886,-0.022376543209876556,0.006558641975308637
eegnet,fraction_0.25,3,0.0032407407407407294,0.005613127617121342,0.0,0.009722222222222188,0.0013888888888888954,0.012557737027795255,-0.010416666666666685,0.014583333333333372,0.0023148148148148064,0.0059246513974083445,-0.001736111111111105,0.009114583333333315,0.002314814814814825,0.012596779254074245,-0.009982638888888909,0.015190972222222265,0.002932693567816856,0.032573212667128,-0.02458739529053371,0.03889628986103666,0.004629629629629632,0.017818060553635034,-0.010416666666666685,0.02430555555555558
eegnet,fraction_0.5,3,-0.008101851851851841,0.02147544415480368,-0.03194444444444444,0.009722222222222299,-0.010416666666666692,0.014698618394803247,-0.027083333333333324,0.0006944444444443865,-0.00390625,0.009772856119095265,-0.015190972222222265,0.0017361111111111605,-0.014612268518518559,0.026756442561090735,-0.04383680555555558,0.008680555555555497,-0.01918605970287766,0.022227327744365897,-0.0444439880342947,-0.0026097051385376574,-0.018518518518518545,0.036140034712953684,-0.05902777777777779,0.01041666666666663
eegnet,fraction_1,3,-0.0032407407407407662,0.014638344216446579,-0.019444444444444375,0.009027777777777746,-0.002546296296296309,0.0021215628217388298,-0.004861111111111139,-0.000694444444444442,-0.008535879629629614,0.02108648518397116,-0.03255208333333326,0.00694444444444442,0.002748842592592569,0.00476113503237971,-2.7755575615628914e-17,0.008246527777777735,-0.004136338485059926,0.006487913155478638,-0.01090846045149696,0.0020240314511788815,-0.005787037037037053,0.01640908203559934,-0.02430555555555558,0.00694444444444442
shallowconvnet,all_fractions,9,0.00424382716049383,0.006904786452904984,0.00023148148148146216,0.008487654320987704,0.0027006172839505963,0.006727912791358153,-0.001466049382716054,0.006867283950617262,-4.822530864196434e-05,0.004912594573596551,-0.0029899691358024802,0.0029417438271605034,0.006992669753086404,0.011318984371567493,0.00019290123456788957,0.014179446373456755,0.0023290665567289267,0.018220506912651962,-0.008969943947446192,0.01360322007777192,0.006944444444444432,0.009021097956087883,0.0015432098765432044,0.01234567901234566
shallowconvnet,fraction_0.25,3,0.005787037037037035,0.005823956308059788,0.0020833333333333814,0.012500000000000011,0.005787037037037028,0.004410314556309644,0.0006944444444444316,0.008333333333333338,-0.0010127314814814918,0.0028898993569789074,-0.00434027777777779,0.0008680555555555802,0.012586805555555552,0.011507876374620522,0.0026041666666666574,0.02517361111111109,0.007997803045091817,0.01308903843494794,-0.0051761999105414125,0.02100018929276204,0.01157407407407407,0.00873823430008188,0.00347222222222221,0.020833333333333315
shallowconvnet,fraction_0.5,3,0.006944444444444531,0.008448281292080922,0.001388888888888995,0.01666666666666683,-0.0011574074074074407,0.002806563808560682,-0.0027777777777778564,0.0020833333333333016,0.002604166666666704,0.0045727663857867695,-0.0021701388888888395,0.006944444444444475,0.003182870370370336,0.0054267937886316505,-0.0030381944444444614,0.006944444444444364,-0.012226871145820148,0.017019857112723642,-0.03128498751256199,0.0014575073081586343,0.005787037037037017,0.0072280069425907124,0.0,0.01388888888888884
shallowconvnet,fraction_1,3,-7.401486830834377e-17,0.006624577787617684,-0.007638888888888973,0.004166666666666541,0.003472222222222203,0.010780676872402768,-0.0076388888888888834,0.01388888888888884,-0.001736111111111105,0.007144998972723242,-0.0060763888888888395,0.006510416666666685,0.005208333333333324,0.0166465355128169,-0.009982638888888867,0.023003472222222182,0.011216267770915112,0.019556601533300456,-0.0036154017887181644,0.033379198776351066,0.00347222222222221,0.01202813060811716,-0.00347222222222221,0.01736111111111105
tsception,all_fractions,9,-0.0006172839506172632,0.009280935276263613,-0.006712962962962933,0.004552469135802496,-0.002083333333333316,0.006162583107395428,-0.006095679012345654,0.0015432098765432208,-0.0016878858024691407,0.004085654295845749,-0.004147376543209884,0.0007233796296296316,-0.0010127314814814647,0.00920200305864333,-0.007186776620370374,0.004243827160493847,0.0029713690832809314,0.011811027886256877,-0.004234255048055422,0.010211609993532425,-0.0027006172839506015,0.00810185185185187,-0.008487654320987649,0.0015432098765432352
tsception,fraction_0.25,3,0.0018518518518519007,0.004623838971166266,-0.0020833333333332704,0.006944444444444531,0.0004629629629629912,0.004623838971166253,-0.0034722222222221765,0.005555555555555603,-0.0031828703703703685,0.0032864052927085215,-0.006944444444444475,-0.0008680555555555247,0.005497685185185212,0.004780877211185873,0.0008680555555555525,0.010416666666666706,-0.0007589022042574616,0.01360604952643053,-0.015510000805887873,0.011299424183865384,0.0023148148148148437,0.0020046884346862255,0.0,0.0034722222222222654
tsception,fraction_0.5,3,0.001620370370370346,0.007024995789580322,-0.002777777777777768,0.009722222222222188,-0.006249999999999982,0.008187379251771933,-0.013194444444444432,0.00277777777777778,-0.0005787037037037016,0.00493597283253235,-0.0060763888888888395,0.0034722222222221544,-0.004050925925925907,0.003048510923857844,-0.006944444444444427,-0.0008680555555555525,0.001651452267887416,0.00799688259416141,-0.0074766092002391815,0.00742337438795302,-0.004629629629629613,0.005303907054347018,-0.01041666666666663,0.0
tsception,fraction_1,3,-0.005324074074074037,0.014964163295272158,-0.02083333333333326,0.009027777777777746,-0.00046296296296295756,0.00487761747817254,-0.005555555555555512,0.004166666666666663,-0.001302083333333352,0.00511711203235747,-0.006944444444444475,0.0030381944444444198,-0.004484953703703699,0.014527509032152431,-0.02083333333333337,0.0069444444444444545,0.00802155718621284,0.015722103795277775,-0.009868420660495744,0.019639759014050212,-0.005787037037037035,0.013145621170834003,-0.02083333333333337,0.0034722222222222654
