label_mode,arch,seed,epoch,recorded_val_acc,recomputed_val_acc
true,eegnet,41,0,0.6041666666666666,0.6041666666666666
true,eegnet,41,1,0.6458333333333334,0.6458333333333334
true,eegnet,41,2,0.6944444444444444,0.6944444444444444
true,eegnet,41,5,0.7222222222222222,0.7222222222222222
true,eegnet,41,10,0.7361111111111112,0.7361111111111112
true,eegnet,41,20,0.7430555555555556,0.7430555555555556
true,eegnet,42,0,0.4930555555555556,0.4930555555555556
true,eegnet,42,1,0.6041666666666666,0.6041666666666666
true,eegnet,42,2,0.7291666666666666,0.7291666666666666
true,eegnet,42,5,0.7569444444444444,0.7569444444444444
true,eegnet,42,10,0.7847222222222222,0.7847222222222222
true,eegnet,42,20,0.7638888888888888,0.7638888888888888
true,eegnet,43,0,0.4444444444444444,0.4444444444444444
true,eegnet,43,1,0.6458333333333334,0.6458333333333334
true,eegnet,43,2,0.6458333333333334,0.6458333333333334
true,eegnet,43,5,0.7291666666666666,0.7291666666666666
true,eegnet,43,10,0.7916666666666666,0.7916666666666666
true,eegnet,43,20,0.8333333333333334,0.8333333333333334
true,eegnet,44,0,0.6041666666666666,0.6041666666666666
true,eegnet,44,1,0.6805555555555556,0.6805555555555556
true,eegnet,44,2,0.7083333333333334,0.7083333333333334
true,eegnet,44,5,0.7430555555555556,0.7430555555555556
true,eegnet,44,10,0.8333333333333334,0.8333333333333334
true,eegnet,44,20,0.8819444444444444,0.8819444444444444
true,eegnet,45,0,0.6736111111111112,0.6736111111111112
true,eegnet,45,1,0.6875,0.6875
true,eegnet,45,2,0.6944444444444444,0.6944444444444444
true,eegnet,45,5,0.7430555555555556,0.7430555555555556
true,eegnet,45,10,0.7222222222222222,0.7222222222222222
true,eegnet,45,20,0.7430555555555556,0.7430555555555556
true,eegnet,46,0,0.3819444444444444,0.3819444444444444
true,eegnet,46,1,0.5555555555555556,0.5555555555555556
true,eegnet,46,2,0.6319444444444444,0.6319444444444444
true,eegnet,46,5,0.7847222222222222,0.7847222222222222
true,eegnet,46,10,0.7708333333333334,0.7708333333333334
true,eegnet,46,20,0.7916666666666666,0.7916666666666666
true,shallowconvnet,41,0,0.5069444444444444,0.5069444444444444
true,shallowconvnet,41,1,0.5138888888888888,0.5138888888888888
true,shallowconvnet,41,2,0.5416666666666666,0.5416666666666666
true,shallowconvnet,41,5,0.7013888888888888,0.7013888888888888
true,shallowconvnet,41,10,0.7430555555555556,0.7430555555555556
true,shallowconvnet,41,20,0.75,0.75
true,shallowconvnet,42,0,0.5,0.5
true,shallowconvnet,42,1,0.5,0.5
true,shallowconvnet,42,2,0.6111111111111112,0.6111111111111112
true,shallowconvnet,42,5,0.6527777777777778,0.6527777777777778
true,shallowconvnet,42,10,0.7013888888888888,0.7013888888888888
true,shallowconvnet,42,20,0.7013888888888888,0.7013888888888888
true,shallowconvnet,43,0,0.5763888888888888,0.5763888888888888
true,shallowconvnet,43,1,0.5902777777777778,0.5902777777777778
true,shallowconvnet,43,2,0.6180555555555556,0.6180555555555556
true,shallowconvnet,43,5,0.625,0.625
true,shallowconvnet,43,10,0.6944444444444444,0.6944444444444444
true,shallowconvnet,43,20,0.6666666666666666,0.6666666666666666
true,shallowconvnet,44,0,0.6041666666666666,0.6041666666666666
true,shallowconvnet,44,1,0.5763888888888888,0.5763888888888888
true,shallowconvnet,44,2,0.4930555555555556,0.4930555555555556
true,shallowconvnet,44,5,0.6527777777777778,0.6527777777777778
true,shallowconvnet,44,10,0.6180555555555556,0.6180555555555556
true,shallowconvnet,44,20,0.7361111111111112,0.7361111111111112
true,shallowconvnet,45,0,0.4930555555555556,0.4930555555555556
true,shallowconvnet,45,1,0.6458333333333334,0.6458333333333334
true,shallowconvnet,45,2,0.625,0.625
true,shallowconvnet,45,5,0.6527777777777778,0.6527777777777778
true,shallowconvnet,45,10,0.6527777777777778,0.6527777777777778
true,shallowconvnet,45,20,0.7152777777777778,0.7152777777777778
true,shallowconvnet,46,0,0.4930555555555556,0.4930555555555556
true,shallowconvnet,46,1,0.5138888888888888,0.5138888888888888
true,shallowconvnet,46,2,0.625,0.625
true,shallowconvnet,46,5,0.6180555555555556,0.6180555555555556
true,shallowconvnet,46,10,0.6319444444444444,0.6319444444444444
true,shallowconvnet,46,20,0.6944444444444444,0.6944444444444444
true,eegconformer,41,0,0.4375,0.4375
true,eegconformer,41,1,0.6180555555555556,0.6180555555555556
true,eegconformer,41,2,0.625,0.625
true,eegconformer,41,5,0.8055555555555556,0.8055555555555556
true,eegconformer,41,10,0.8125,0.8125
true,eegconformer,41,20,0.8194444444444444,0.8194444444444444
true,eegconformer,42,0,0.5,0.5
true,eegconformer,42,1,0.6319444444444444,0.6319444444444444
true,eegconformer,42,2,0.6041666666666666,0.6041666666666666
true,eegconformer,42,5,0.6597222222222222,0.6597222222222222
true,eegconformer,42,10,0.7638888888888888,0.7638888888888888
true,eegconformer,42,20,0.7569444444444444,0.7569444444444444
true,eegconformer,43,0,0.5,0.5
true,eegconformer,43,1,0.6597222222222222,0.6597222222222222
true,eegconformer,43,2,0.6319444444444444,0.6319444444444444
true,eegconformer,43,5,0.5972222222222222,0.5972222222222222
true,eegconformer,43,10,0.7708333333333334,0.7708333333333334
true,eegconformer,43,20,0.8125,0.8125
true,eegconformer,44,0,0.5,0.5
true,eegconformer,44,1,0.6666666666666666,0.6666666666666666
true,eegconformer,44,2,0.6527777777777778,0.6527777777777778
true,eegconformer,44,5,0.7569444444444444,0.7569444444444444
true,eegconformer,44,10,0.7638888888888888,0.7638888888888888
true,eegconformer,44,20,0.8402777777777778,0.8402777777777778
true,eegconformer,45,0,0.4583333333333333,0.4583333333333333
true,eegconformer,45,1,0.6041666666666666,0.6041666666666666
true,eegconformer,45,2,0.6944444444444444,0.6944444444444444
true,eegconformer,45,5,0.7291666666666666,0.7291666666666666
true,eegconformer,45,10,0.7430555555555556,0.7430555555555556
true,eegconformer,45,20,0.7361111111111112,0.7361111111111112
true,eegconformer,46,0,0.5,0.5
true,eegconformer,46,1,0.6388888888888888,0.6388888888888888
true,eegconformer,46,2,0.6597222222222222,0.6597222222222222
true,eegconformer,46,5,0.7708333333333334,0.7708333333333334
true,eegconformer,46,10,0.7847222222222222,0.7847222222222222
true,eegconformer,46,20,0.8125,0.8125
true,tsception,41,0,0.5347222222222222,0.5347222222222222
true,tsception,41,1,0.7708333333333334,0.7708333333333334
true,tsception,41,2,0.8333333333333334,0.8333333333333334
true,tsception,41,5,0.8055555555555556,0.8055555555555556
true,tsception,41,10,0.8263888888888888,0.8263888888888888
true,tsception,41,20,0.8055555555555556,0.8055555555555556
true,tsception,42,0,0.4652777777777778,0.4652777777777778
true,tsception,42,1,0.7152777777777778,0.7152777777777778
true,tsception,42,2,0.7083333333333334,0.7083333333333334
true,tsception,42,5,0.7430555555555556,0.7430555555555556
true,tsception,42,10,0.7291666666666666,0.7291666666666666
true,tsception,42,20,0.7430555555555556,0.7430555555555556
true,tsception,43,0,0.4791666666666667,0.4791666666666667
true,tsception,43,1,0.7430555555555556,0.7430555555555556
true,tsception,43,2,0.7361111111111112,0.7361111111111112
true,tsception,43,5,0.7847222222222222,0.7847222222222222
true,tsception,43,10,0.7777777777777778,0.7777777777777778
true,tsception,43,20,0.8055555555555556,0.8055555555555556
true,tsception,44,0,0.5,0.5
true,tsception,44,1,0.75,0.75
true,tsception,44,2,0.7986111111111112,0.7986111111111112
true,tsception,44,5,0.7986111111111112,0.7986111111111112
true,tsception,44,10,0.8333333333333334,0.8333333333333334
true,tsception,44,20,0.8263888888888888,0.8263888888888888
true,tsception,45,0,0.6319444444444444,0.6319444444444444
true,tsception,45,1,0.7708333333333334,0.7708333333333334
true,tsception,45,2,0.7986111111111112,0.7986111111111112
true,tsception,45,5,0.8680555555555556,0.8680555555555556
true,tsception,45,10,0.8541666666666666,0.8541666666666666
true,tsception,45,20,0.8402777777777778,0.8402777777777778
true,tsception,46,0,0.5,0.5
true,tsception,46,1,0.7222222222222222,0.7222222222222222
true,tsception,46,2,0.7708333333333334,0.7708333333333334
true,tsception,46,5,0.8402777777777778,0.8402777777777778
